order_id,order_date,product,category,region,channel,customer_id,quantity,unit_price,revenue
10000,2026-02-12,Ergonomic Chair,Furniture,LATAM,Online,CUST-0230,2,669.09,1338.18
10001,2026-04-25,4K Monitor,Electronics,Europe,Partner,CUST-0217,1,1156.78,1156.78
10002,2026-03-24,4K Monitor,Electronics,APAC,Online,CUST-0048,2,1005.61,2011.22
10003,2026-03-29,Wireless Mouse,Accessories,APAC,Online,CUST-0374,3,70.9,212.7
10004,2026-04-08,Ergonomic Chair,Furniture,LATAM,Online,CUST-0283,1,710.88,710.88
10005,2026-03-18,Tablet,Electronics,APAC,Partner,CUST-0099,5,376.48,1882.38
10006,2026-05-10,Wireless Mouse,Accessories,APAC,Online,CUST-0120,1,67.79,67.79
10007,2026-05-30,Wireless Mouse,Accessories,APAC,Online,CUST-0190,4,61.39,245.58
10008,2026-03-26,Mechanical Keyboard,Accessories,North America,Partner,CUST-0326,3,367.24,1101.71
10009,2026-03-02,Ergonomic Chair,Furniture,LATAM,Retail,CUST-0328,2,579.26,1158.52
10010,2026-05-08,Ergonomic Chair,Furniture,North America,Online,CUST-0017,2,663.98,1327.97
10011,2026-05-23,Webcam HD,Accessories,Europe,Partner,CUST-0368,4,939.63,3758.52
10012,2026-03-21,Mechanical Keyboard,Accessories,LATAM,Online,CUST-0136,4,339.82,1359.29
10013,2026-02-26,Mechanical Keyboard,Accessories,LATAM,Partner,CUST-0205,5,352.66,1763.28
10014,2026-03-27,Mechanical Keyboard,Accessories,North America,Online,CUST-0057,2,350.02,700.04
10015,2026-02-28,Tablet,Electronics,LATAM,Partner,CUST-0033,2,368.27,736.55
10016,2026-03-30,Noise-Cancel Headphones,Audio,APAC,Partner,CUST-0006,5,1474.35,7371.75
10017,2026-05-07,Smartwatch,Wearables,APAC,Partner,CUST-0175,1,788.66,788.66
10018,2026-02-23,4K Monitor,Electronics,North America,Partner,CUST-0369,4,989.71,3958.84
10019,2026-03-14,Ergonomic Chair,Furniture,North America,Partner,CUST-0153,2,635.22,1270.45
10020,2026-05-27,Tablet,Electronics,Europe,Retail,CUST-0391,5,352.19,1760.94
10021,2026-03-01,Ergonomic Chair,Furniture,APAC,Retail,CUST-0010,5,702.0,3510.02
10022,2026-02-23,Webcam HD,Accessories,Europe,Partner,CUST-0041,3,932.38,2797.15
10023,2026-02-19,Smartwatch,Wearables,Europe,Online,CUST-0338,4,814.61,3258.44
10024,2026-04-10,Ergonomic Chair,Furniture,LATAM,Online,CUST-0277,2,595.78,1191.56
10025,2026-05-16,Smartwatch,Wearables,LATAM,Partner,CUST-0333,2,794.69,1589.39
10026,2026-03-28,Standing Desk,Furniture,Europe,Online,CUST-0033,5,151.94,759.71
10027,2026-03-24,Laptop Pro,Electronics,Europe,Online,CUST-0037,5,958.79,4793.93
10028,2026-05-10,Tablet,Electronics,North America,Retail,CUST-0037,1,318.8,318.8
10029,2026-04-15,Mechanical Keyboard,Accessories,Europe,Partner,CUST-0068,3,364.3,1092.89
10030,2026-05-12,Smartphone,Electronics,LATAM,Retail,CUST-0098,5,71.45,357.25
10031,2026-02-21,Wireless Mouse,Accessories,LATAM,Retail,CUST-0374,4,62.67,250.67
10032,2026-02-15,Tablet,Electronics,APAC,Online,CUST-0128,1,304.01,304.01
10033,2026-03-05,Mechanical Keyboard,Accessories,LATAM,Online,CUST-0143,5,344.57,1722.83
10034,2026-04-09,Mechanical Keyboard,Accessories,North America,Online,CUST-0334,1,344.08,344.08
10035,2026-04-19,Laptop Pro,Electronics,Europe,Online,CUST-0209,1,1049.1,1049.1
10036,2026-04-12,Standing Desk,Furniture,North America,Online,CUST-0195,2,168.24,336.48
10037,2026-02-09,Noise-Cancel Headphones,Audio,LATAM,Retail,CUST-0217,3,1451.01,4353.02
10038,2026-05-09,Smartwatch,Wearables,LATAM,Online,CUST-0098,5,784.82,3924.12
10039,2026-03-18,Mechanical Keyboard,Accessories,North America,Partner,CUST-0161,1,356.26,356.26
10040,2026-02-16,Laptop Pro,Electronics,Europe,Online,CUST-0261,5,940.08,4700.41
10041,2026-02-19,USB-C Hub,Accessories,Europe,Retail,CUST-0062,1,433.75,433.75
10042,2026-06-02,Smartphone,Electronics,North America,Partner,CUST-0042,2,73.41,146.82
10043,2026-04-03,Tablet,Electronics,APAC,Retail,CUST-0105,5,348.35,1741.73
10044,2026-05-05,Smartwatch,Wearables,,Online,CUST-0344,3,703.06,2109.17
10045,2026-05-02,4K Monitor,Electronics,North America,Online,CUST-0235,4,1033.66,4134.66
10046,2026-04-29,Smartphone,Electronics,Europe,Partner,CUST-0136,1,64.08,64.08
10047,2026-02-25,Webcam HD,Accessories,APAC,Retail,CUST-0081,1,1096.3,1096.3
10048,2026-04-06,Ergonomic Chair,Furniture,North America,Partner,CUST-0284,3,652.13,1956.38
10049,2026-03-19,Tablet,Electronics,Europe,Retail,CUST-0060,1,381.18,381.18
10050,2026-06-02,Wireless Mouse,Accessories,APAC,Partner,CUST-0108,5,59.35,296.75
10051,2026-05-11,Webcam HD,Accessories,APAC,Partner,CUST-0251,2,,2094.33
10052,2026-03-13,Laptop Pro,Electronics,,Online,CUST-0002,1,978.27,978.27
10053,2026-03-23,USB-C Hub,Accessories,LATAM,Partner,CUST-0362,3,386.69,1160.07
10054,2026-04-04,Ergonomic Chair,Furniture,Europe,Partner,CUST-0019,1,570.88,570.88
10055,2026-05-26,Webcam HD,Accessories,LATAM,Online,CUST-0022,5,1012.59,5062.94
10056,2026-03-20,Webcam HD,Accessories,Europe,Partner,CUST-0128,1,1101.33,1101.33
10057,2026-05-05,Wireless Mouse,Accessories,LATAM,Partner,CUST-0384,3,69.78,209.33
10058,2026-02-28,Mechanical Keyboard,Accessories,Europe,Retail,CUST-0013,2,391.8,783.6
10059,2026-03-03,Smartwatch,Wearables,LATAM,Partner,CUST-0377,3,808.11,2424.33
10060,2026-05-23,Mechanical Keyboard,Accessories,North America,Retail,CUST-0020,3,318.65,955.96
10061,2026-05-29,Standing Desk,Furniture,LATAM,Retail,CUST-0157,2,142.0,284.01
10062,2026-05-25,Mechanical Keyboard,Accessories,Europe,Retail,CUST-0169,2,306.52,613.04
10063,2026-03-16,Wireless Mouse,Accessories,,Partner,CUST-0275,3,62.62,187.85
10064,2026-03-23,Laptop Pro,Electronics,APAC,Online,CUST-0298,1,1037.14,1037.14
10065,2026-03-14,Laptop Pro,Electronics,APAC,Partner,CUST-0161,1,969.13,969.13
10066,2026-04-05,Smartphone,Electronics,Europe,Retail,CUST-0023,5,64.86,324.32
10067,2026-05-10,Noise-Cancel Headphones,Audio,Europe,Retail,CUST-0221,1,1314.64,1314.64
10068,2026-02-17,Tablet,Electronics,North America,Partner,CUST-0154,3,353.43,1060.3
10069,2026-04-14,4K Monitor,Electronics,APAC,Partner,CUST-0066,4,1036.45,4145.79
10070,2026-03-05,Noise-Cancel Headphones,Audio,Europe,Partner,CUST-0292,4,,5469.72
10071,2026-03-19,Noise-Cancel Headphones,Audio,APAC,Retail,CUST-0108,5,1419.89,7099.43
10072,2026-04-05,Smartphone,Electronics,LATAM,Retail,CUST-0227,5,74.81,374.05
10073,2026-05-06,Mechanical Keyboard,Accessories,Europe,Partner,CUST-0044,5,346.77,1733.83
10074,2026-03-17,Ergonomic Chair,Furniture,Europe,Partner,CUST-0159,5,607.18,3035.91
10075,2026-03-09,Mechanical Keyboard,Accessories,Europe,Retail,CUST-0313,2,306.59,613.18
10076,2026-05-28,Wireless Mouse,Accessories,Europe,Partner,CUST-0357,4,,254.69
10077,2026-03-30,Standing Desk,Furniture,North America,Online,CUST-0399,4,143.76,575.02
10078,2026-04-04,Mechanical Keyboard,Accessories,LATAM,Online,CUST-0286,2,376.39,752.79
10079,2026-03-12,Wireless Mouse,Accessories,LATAM,Partner,CUST-0272,4,58.98,235.92
10080,2026-04-21,Smartphone,Electronics,LATAM,Partner,CUST-0369,3,80.26,240.77
10081,2026-06-03,Ergonomic Chair,Furniture,LATAM,Online,CUST-0381,4,687.71,2750.84
10082,2026-05-30,Standing Desk,Furniture,Europe,Partner,CUST-0142,4,144.36,577.42
10083,2026-05-18,Ergonomic Chair,Furniture,APAC,Retail,CUST-0040,4,654.58,2618.31
10084,2026-05-11,4K Monitor,Electronics,APAC,Partner,CUST-0042,2,1021.3,2042.59
10085,2026-02-26,USB-C Hub,Accessories,Europe,Partner,CUST-0110,2,410.73,821.47
10086,2026-02-17,Noise-Cancel Headphones,Audio,LATAM,Retail,CUST-0032,4,1251.24,5004.98
10087,2026-03-07,Noise-Cancel Headphones,Audio,North America,Partner,CUST-0195,4,1443.74,5774.94
10088,2026-04-11,Laptop Pro,Electronics,LATAM,Retail,CUST-0276,3,896.88,2690.63
10089,2026-05-15,Smartwatch,Wearables,Europe,Retail,CUST-0113,5,811.49,4057.44
10090,2026-03-15,Noise-Cancel Headphones,Audio,,Partner,CUST-0348,4,1150.01,4600.04
10091,2026-05-22,Noise-Cancel Headphones,Audio,Europe,Partner,CUST-0274,2,1422.16,2844.32
10092,2026-02-12,Noise-Cancel Headphones,Audio,North America,Online,CUST-0330,5,1329.56,6647.79
10093,2026-04-04,USB-C Hub,Accessories,APAC,Retail,CUST-0168,4,388.88,1555.51
10094,2026-03-08,Standing Desk,Furniture,LATAM,Retail,CUST-0386,3,147.44,442.33
10095,2026-05-26,Noise-Cancel Headphones,Audio,,Online,CUST-0384,3,1420.28,4260.85
10096,2026-04-19,Laptop Pro,Electronics,North America,Partner,CUST-0021,3,878.84,2636.51
10097,2026-05-16,Laptop Pro,Electronics,North America,Partner,CUST-0079,2,872.81,1745.62
10098,2026-03-11,USB-C Hub,Accessories,Europe,Retail,CUST-0359,4,441.83,1767.33
10099,2026-03-13,Webcam HD,Accessories,North America,Online,CUST-0160,2,1026.26,2052.52
10100,2026-02-22,Smartphone,Electronics,LATAM,Retail,CUST-0367,1,79.87,79.87
10101,2026-03-06,Wireless Mouse,Accessories,Europe,Online,CUST-0357,5,68.28,341.41
10102,2026-05-18,4K Monitor,Electronics,North America,Retail,CUST-0273,5,1169.78,5848.89
10103,2026-04-04,Tablet,Electronics,APAC,Online,CUST-0216,3,304.75,914.24
10104,2026-05-25,Standing Desk,Furniture,APAC,Partner,CUST-0236,1,151.23,151.23
10105,2026-05-10,USB-C Hub,Accessories,APAC,Partner,CUST-0276,4,388.27,1553.08
10106,2026-05-19,Standing Desk,Furniture,APAC,Retail,CUST-0126,4,151.31,605.25
10107,2026-05-26,Wireless Mouse,Accessories,Europe,Retail,CUST-0292,3,71.47,214.41
10108,2026-04-28,Tablet,Electronics,LATAM,Retail,CUST-0094,4,328.24,1312.97
10109,2026-04-12,Mechanical Keyboard,Accessories,APAC,Retail,CUST-0306,3,375.83,1127.5
10110,2026-05-09,4K Monitor,Electronics,Europe,Online,CUST-0124,5,948.54,4742.71
10111,2026-05-12,Noise-Cancel Headphones,Audio,Europe,Partner,CUST-0244,4,1326.47,5305.87
10112,2026-05-02,Smartwatch,Wearables,North America,Online,CUST-0151,4,743.53,2974.14
10113,2026-03-09,Noise-Cancel Headphones,Audio,APAC,Retail,CUST-0284,2,1242.97,2485.94
10114,2026-04-17,Webcam HD,Accessories,APAC,Retail,CUST-0360,4,1126.36,4505.45
10115,2026-04-08,4K Monitor,Electronics,North America,Partner,CUST-0099,3,1015.65,3046.94
10116,2026-03-21,Wireless Mouse,Accessories,Europe,Online,CUST-0111,5,72.63,363.14
10117,2026-05-14,Standing Desk,Furniture,APAC,Online,CUST-0100,3,162.71,488.14
10118,2026-03-18,Mechanical Keyboard,Accessories,North America,Partner,CUST-0274,3,320.47,961.4
10119,2026-02-25,4K Monitor,Electronics,APAC,Partner,CUST-0065,1,1216.72,1216.72
10120,2026-05-01,Standing Desk,Furniture,APAC,Retail,CUST-0246,1,168.56,168.56
10121,2026-04-06,Webcam HD,Accessories,APAC,Retail,CUST-0059,2,1118.39,2236.77
10122,2026-05-25,Wireless Mouse,Accessories,North America,Online,CUST-0077,4,64.96,259.85
10123,2026-05-23,Smartphone,Electronics,Europe,Online,CUST-0286,3,64.3,192.9
10124,2026-05-17,Noise-Cancel Headphones,Audio,Europe,Partner,CUST-0195,5,1340.2,6701.01
10125,2026-04-07,Standing Desk,Furniture,LATAM,Retail,CUST-0292,3,168.06,504.19
10126,2026-04-29,Laptop Pro,Electronics,North America,Online,CUST-0321,5,1057.28,5286.41
10127,2026-03-08,4K Monitor,Electronics,Europe,Partner,CUST-0039,1,989.4,989.4
10128,2026-03-01,Laptop Pro,Electronics,LATAM,Retail,CUST-0017,4,933.71,3734.83
10129,2026-03-10,4K Monitor,Electronics,LATAM,Online,CUST-0352,3,1141.26,3423.77
10130,2026-03-10,4K Monitor,Electronics,Europe,Retail,CUST-0059,5,1129.63,5648.14
10131,2026-04-19,Mechanical Keyboard,Accessories,Europe,Online,CUST-0031,2,385.73,771.46
10132,2026-03-02,4K Monitor,Electronics,APAC,Retail,CUST-0064,5,1154.04,5770.21
10133,2026-04-09,Smartwatch,Wearables,APAC,Partner,CUST-0277,3,792.14,2376.42
10134,2026-04-13,Standing Desk,Furniture,LATAM,Partner,CUST-0166,1,157.72,157.72
10135,2026-04-27,4K Monitor,Electronics,North America,Partner,CUST-0138,1,971.12,971.12
10136,2026-04-23,Laptop Pro,Electronics,LATAM,Retail,CUST-0093,2,938.56,1877.12
10137,2026-04-24,Noise-Cancel Headphones,Audio,LATAM,Retail,CUST-0210,4,1465.27,5861.09
10138,2026-03-23,Webcam HD,Accessories,APAC,Retail,CUST-0356,1,1090.78,1090.78
10139,2026-04-13,4K Monitor,Electronics,North America,Retail,CUST-0046,4,1172.01,4688.06
10140,2026-03-21,4K Monitor,Electronics,LATAM,Partner,CUST-0001,3,977.96,2933.89
10141,2026-05-04,Ergonomic Chair,Furniture,Europe,Partner,CUST-0186,4,619.87,2479.49
10142,2026-04-29,Standing Desk,Furniture,Europe,Retail,CUST-0282,4,164.11,656.45
10143,2026-02-25,4K Monitor,Electronics,LATAM,Online,CUST-0015,4,1190.73,4762.91
10144,2026-04-30,Smartphone,Electronics,,Partner,CUST-0008,2,75.83,151.65
10145,2026-04-20,Noise-Cancel Headphones,Audio,North America,Retail,CUST-0061,1,1215.63,1215.63
10146,2026-05-02,USB-C Hub,Accessories,APAC,Partner,CUST-0362,4,470.41,1881.63
10147,2026-03-15,Noise-Cancel Headphones,Audio,Europe,Retail,CUST-0283,4,1469.02,5876.1
10148,2026-02-27,Noise-Cancel Headphones,Audio,Europe,Online,CUST-0142,2,1449.45,2898.89
10149,2026-05-18,Noise-Cancel Headphones,Audio,APAC,Online,CUST-0145,3,1453.6,4360.8
10150,2026-05-12,4K Monitor,Electronics,LATAM,Online,CUST-0229,5,1107.03,5535.13
10151,2026-04-18,Standing Desk,Furniture,LATAM,Retail,CUST-0165,3,147.24,441.73
10152,2026-05-31,Mechanical Keyboard,Accessories,Europe,Retail,CUST-0023,2,355.6,711.19
10153,2026-03-21,Smartwatch,Wearables,LATAM,Retail,CUST-0340,4,793.2,3172.81
10154,2026-05-21,Tablet,Electronics,North America,Online,CUST-0258,2,342.2,684.41
10155,2026-04-25,Webcam HD,Accessories,LATAM,Online,CUST-0270,1,1094.99,1094.99
10156,2026-06-05,Standing Desk,Furniture,LATAM,Partner,CUST-0080,1,162.63,162.63
10157,2026-02-18,Standing Desk,Furniture,LATAM,Partner,CUST-0042,3,147.49,442.46
10158,2026-05-29,Webcam HD,Accessories,APAC,Partner,CUST-0368,5,968.39,4841.96
10159,2026-06-02,Standing Desk,Furniture,North America,Online,CUST-0324,5,135.55,677.73
10160,2026-05-07,4K Monitor,Electronics,LATAM,Online,CUST-0390,2,1153.43,2306.87
10161,2026-05-01,Smartwatch,Wearables,APAC,Online,CUST-0024,1,742.67,742.67
10162,2026-03-22,Laptop Pro,Electronics,LATAM,Online,CUST-0126,3,911.39,2734.17
10163,2026-04-17,Noise-Cancel Headphones,Audio,Europe,Online,CUST-0090,5,1368.93,6844.67
10164,2026-02-19,Smartphone,Electronics,Europe,Retail,CUST-0299,4,74.16,296.65
10165,2026-02-27,Mechanical Keyboard,Accessories,LATAM,Retail,CUST-0342,4,361.51,1446.05
10166,2026-02-10,Standing Desk,Furniture,Europe,Online,CUST-0227,3,160.86,482.59
10167,2026-03-25,Smartphone,Electronics,LATAM,Partner,CUST-0129,3,74.52,223.56
10168,2026-04-08,4K Monitor,Electronics,LATAM,Online,CUST-0122,2,1223.7,2447.39
10169,2026-03-29,Smartphone,Electronics,APAC,Online,CUST-0338,3,73.34,220.01
10170,2026-03-31,4K Monitor,Electronics,North America,Partner,CUST-0382,1,1103.13,1103.13
10171,2026-04-13,4K Monitor,Electronics,APAC,Online,CUST-0326,2,1114.58,2229.15
10172,2026-03-05,Smartphone,Electronics,Europe,Partner,CUST-0050,3,75.23,225.7
10173,2026-06-04,Tablet,Electronics,LATAM,Online,CUST-0297,1,325.83,325.83
10174,2026-03-27,Smartwatch,Wearables,APAC,Retail,CUST-0383,2,674.35,1348.71
10175,2026-04-03,USB-C Hub,Accessories,APAC,Partner,CUST-0257,2,383.5,766.99
10176,2026-06-05,4K Monitor,Electronics,LATAM,Retail,CUST-0383,2,1017.2,2034.39
10177,2026-05-31,Webcam HD,Accessories,North America,Online,CUST-0387,1,991.02,991.02
10178,2026-03-09,Tablet,Electronics,APAC,Online,CUST-0203,4,383.66,1534.66
10179,2026-02-10,4K Monitor,Electronics,APAC,Partner,CUST-0384,5,980.1,4900.48
10180,2026-05-06,4K Monitor,Electronics,APAC,Online,CUST-0346,5,1051.7,5258.51
10181,2026-03-10,Standing Desk,Furniture,APAC,Partner,CUST-0114,1,158.57,158.57
10182,2026-05-02,Wireless Mouse,Accessories,APAC,Partner,CUST-0210,4,71.93,287.74
10183,2026-02-23,USB-C Hub,Accessories,APAC,Retail,CUST-0060,1,471.88,471.88
10184,2026-02-21,Mechanical Keyboard,Accessories,,Retail,CUST-0344,5,316.55,1582.74
10185,2026-05-15,Smartwatch,Wearables,Europe,Retail,CUST-0336,5,737.92,3689.61
10186,2026-02-21,Standing Desk,Furniture,,Online,CUST-0354,5,150.23,751.15
10187,2026-03-28,Mechanical Keyboard,Accessories,Europe,Retail,CUST-0051,4,344.22,1376.86
10188,2026-05-07,Webcam HD,Accessories,APAC,Online,CUST-0204,5,1102.04,5510.2
10189,2026-03-16,Mechanical Keyboard,Accessories,LATAM,Online,CUST-0340,1,389.37,389.37
10190,2026-03-08,Tablet,Electronics,North America,Retail,CUST-0125,5,384.0,1920.0
10191,2026-02-25,Smartphone,Electronics,Europe,Partner,CUST-0111,2,64.0,127.99
10192,2026-05-24,Mechanical Keyboard,Accessories,North America,Retail,CUST-0075,3,373.73,1121.19
10193,2026-02-25,Ergonomic Chair,Furniture,North America,Partner,CUST-0014,3,682.5,2047.5
10194,2026-02-25,Laptop Pro,Electronics,Europe,Partner,CUST-0166,3,1016.03,3048.09
10195,2026-02-11,USB-C Hub,Accessories,LATAM,Partner,CUST-0059,3,374.84,1124.51
10196,2026-05-15,Wireless Mouse,Accessories,APAC,Partner,CUST-0304,4,64.24,256.95
10197,2026-02-22,Standing Desk,Furniture,North America,Partner,CUST-0338,5,142.87,714.35
10198,2026-04-16,4K Monitor,Electronics,North America,Online,CUST-0246,4,1124.67,4498.66
10199,2026-05-28,Noise-Cancel Headphones,Audio,LATAM,Partner,CUST-0228,4,1370.37,5481.5
10200,2026-02-18,Wireless Mouse,Accessories,North America,Online,CUST-0141,3,66.91,200.73
10201,2026-04-29,Tablet,Electronics,APAC,Retail,CUST-0306,5,346.86,1734.32
10202,2026-04-17,4K Monitor,Electronics,LATAM,Online,CUST-0360,4,1086.34,4345.36
10203,2026-02-23,Tablet,Electronics,Europe,Retail,CUST-0232,5,362.02,1810.08
10204,2026-06-02,Mechanical Keyboard,Accessories,LATAM,Retail,CUST-0213,4,334.75,1338.99
10205,2026-05-13,Wireless Mouse,Accessories,APAC,Retail,CUST-0079,3,63.88,191.63
10206,2026-05-07,Standing Desk,Furniture,,Online,CUST-0222,1,137.73,137.73
10207,2026-02-21,Smartwatch,Wearables,North America,Partner,CUST-0288,3,813.79,2441.36
10208,2026-04-21,Webcam HD,Accessories,LATAM,Partner,CUST-0027,1,976.28,976.28
10209,2026-03-17,Smartphone,Electronics,Europe,Online,CUST-0337,3,69.22,207.65
10210,2026-04-11,Mechanical Keyboard,Accessories,APAC,Online,CUST-0391,1,335.75,335.75
10211,2026-03-16,Smartphone,Electronics,North America,Partner,CUST-0337,2,77.62,155.25
10212,2026-05-26,Smartwatch,Wearables,APAC,Partner,CUST-0391,3,662.53,1987.6
10213,2026-03-20,Webcam HD,Accessories,Europe,Partner,CUST-0337,3,872.6,2617.81
10214,2026-04-01,Wireless Mouse,Accessories,North America,Online,CUST-0383,2,69.12,138.25
10215,2026-04-17,Mechanical Keyboard,Accessories,APAC,Online,CUST-0190,4,341.99,1367.96
10216,2026-03-20,Smartwatch,Wearables,North America,Online,CUST-0080,3,807.04,2421.11
10217,2026-03-01,Smartphone,Electronics,APAC,Retail,CUST-0339,1,75.16,75.16
10218,2026-04-04,Standing Desk,Furniture,APAC,Online,CUST-0387,5,151.57,757.84
10219,2026-04-15,Wireless Mouse,Accessories,APAC,Partner,CUST-0348,3,63.93,191.79
10220,2026-04-25,Standing Desk,Furniture,North America,Online,CUST-0203,5,,802.24
10221,2026-04-26,Laptop Pro,Electronics,Europe,Online,CUST-0392,1,874.04,874.04
10222,2026-03-13,4K Monitor,Electronics,LATAM,Partner,CUST-0221,3,979.09,2937.28
10223,2026-03-03,USB-C Hub,Accessories,Europe,Partner,CUST-0287,4,426.97,1707.88
10224,2026-05-26,Tablet,Electronics,North America,Retail,CUST-0010,3,305.02,915.07
10225,2026-04-08,Wireless Mouse,Accessories,LATAM,Partner,CUST-0328,3,66.37,199.1
10226,2026-04-03,4K Monitor,Electronics,APAC,Online,CUST-0317,1,1058.38,1058.38
10227,2026-04-08,Smartwatch,Wearables,North America,Online,CUST-0224,3,673.97,2021.9
10228,2026-04-25,Noise-Cancel Headphones,Audio,APAC,Partner,CUST-0174,5,1166.65,5833.26
10229,2026-03-09,Webcam HD,Accessories,North America,Partner,CUST-0262,2,890.6,1781.21
10230,2026-03-05,Webcam HD,Accessories,Europe,Online,CUST-0053,3,1057.38,3172.15
10231,2026-02-27,4K Monitor,Electronics,Europe,Partner,CUST-0039,2,993.98,1987.96
10232,2026-03-03,Tablet,Electronics,LATAM,Partner,CUST-0290,4,339.45,1357.79
10233,2026-05-02,Tablet,Electronics,APAC,Online,CUST-0226,5,327.08,1635.42
10234,2026-02-17,Standing Desk,Furniture,APAC,Partner,CUST-0029,4,159.04,636.15
10235,2026-03-26,Ergonomic Chair,Furniture,LATAM,Online,CUST-0030,1,603.15,603.15
10236,2026-03-28,4K Monitor,Electronics,North America,Partner,CUST-0305,1,1125.03,1125.03
10237,2026-04-14,Noise-Cancel Headphones,Audio,North America,Retail,CUST-0293,4,1334.9,5339.61
10238,2026-05-03,Mechanical Keyboard,Accessories,Europe,Online,CUST-0231,3,358.57,1075.7
10239,2026-02-22,Webcam HD,Accessories,Europe,Online,CUST-0127,1,1000.3,1000.3
10240,2026-05-10,Standing Desk,Furniture,Europe,Retail,CUST-0191,4,154.8,619.22
10241,2026-06-06,4K Monitor,Electronics,APAC,Partner,CUST-0307,4,1059.42,4237.67
10242,2026-02-15,Tablet,Electronics,North America,Partner,CUST-0348,3,304.48,913.44
10243,2026-03-30,4K Monitor,Electronics,Europe,Retail,CUST-0042,3,1147.03,3441.08
10244,2026-04-24,Tablet,Electronics,APAC,Partner,CUST-0358,2,379.23,758.45
10245,2026-05-04,Noise-Cancel Headphones,Audio,North America,Retail,CUST-0287,2,1339.84,2679.67
10246,2026-03-29,Tablet,Electronics,North America,Partner,CUST-0344,3,370.13,1110.38
10247,2026-04-04,Ergonomic Chair,Furniture,APAC,Online,CUST-0110,3,555.66,1666.98
10248,2026-03-24,Standing Desk,Furniture,,Online,CUST-0040,2,143.07,286.13
10249,2026-03-18,Wireless Mouse,Accessories,North America,Partner,CUST-0173,5,69.62,348.11
10250,2026-06-01,Smartphone,Electronics,Europe,Online,CUST-0093,2,73.75,147.5
10251,2026-05-26,Smartwatch,Wearables,,Partner,CUST-0225,5,813.26,4066.3
10252,2026-02-14,Noise-Cancel Headphones,Audio,Europe,Retail,CUST-0313,3,1367.11,4101.33
10253,2026-03-17,Smartwatch,Wearables,Europe,Retail,CUST-0241,4,702.15,2808.61
10254,2026-06-04,Mechanical Keyboard,Accessories,LATAM,Retail,CUST-0394,3,365.13,1095.39
10255,2026-03-17,Noise-Cancel Headphones,Audio,Europe,Online,CUST-0310,5,1317.17,6585.86
10256,2026-02-26,4K Monitor,Electronics,APAC,Partner,CUST-0053,1,1124.06,1124.06
10257,2026-05-11,Ergonomic Chair,Furniture,Europe,Retail,CUST-0231,1,599.03,599.03
10258,2026-06-04,Ergonomic Chair,Furniture,North America,Online,CUST-0231,2,687.79,1375.58
10259,2026-06-02,Webcam HD,Accessories,LATAM,Partner,CUST-0192,1,,977.33
10260,2026-03-11,Noise-Cancel Headphones,Audio,North America,Retail,CUST-0051,1,1266.01,1266.01
10261,2026-05-27,Smartwatch,Wearables,Europe,Online,CUST-0147,3,809.85,2429.54
10262,2026-06-06,Standing Desk,Furniture,LATAM,Retail,CUST-0316,2,164.07,328.13
10263,2026-02-09,Wireless Mouse,Accessories,Europe,Partner,CUST-0373,1,61.03,61.03
10264,2026-04-27,Ergonomic Chair,Furniture,APAC,Online,CUST-0155,4,570.77,2283.08
10265,2026-02-24,Laptop Pro,Electronics,LATAM,Online,CUST-0057,2,926.27,1852.54
10266,2026-05-27,Standing Desk,Furniture,Europe,Partner,CUST-0074,5,155.28,776.39
10267,2026-03-18,Noise-Cancel Headphones,Audio,Europe,Partner,CUST-0214,1,1346.47,1346.47
10268,2026-03-04,Tablet,Electronics,APAC,Online,CUST-0270,1,344.68,344.68
10269,2026-04-19,Ergonomic Chair,Furniture,LATAM,Retail,CUST-0023,5,642.78,3213.89
10270,2026-05-01,Noise-Cancel Headphones,Audio,North America,Retail,CUST-0035,3,1225.34,3676.03
10271,2026-03-25,Mechanical Keyboard,Accessories,,Online,CUST-0023,1,373.47,373.47
10272,2026-03-26,Ergonomic Chair,Furniture,Europe,Partner,CUST-0238,3,684.94,2054.81
10273,2026-05-09,Standing Desk,Furniture,North America,Partner,CUST-0398,2,166.14,332.29
10274,2026-04-08,Laptop Pro,Electronics,,Online,CUST-0162,3,873.35,2620.05
10275,2026-06-08,4K Monitor,Electronics,LATAM,Retail,CUST-0019,5,1056.49,5282.43
10276,2026-05-16,Tablet,Electronics,North America,Partner,CUST-0170,2,323.82,647.65
10277,2026-03-15,Wireless Mouse,Accessories,LATAM,Partner,CUST-0226,3,64.05,192.14
10278,2026-06-03,Noise-Cancel Headphones,Audio,LATAM,Partner,CUST-0255,3,1466.84,4400.51
10279,2026-03-28,Ergonomic Chair,Furniture,LATAM,Online,CUST-0221,3,682.93,2048.78
10280,2026-04-27,USB-C Hub,Accessories,North America,Online,CUST-0168,5,401.04,2005.21
10281,2026-05-04,4K Monitor,Electronics,LATAM,Online,CUST-0354,3,1069.75,3209.25
10282,2026-04-06,Webcam HD,Accessories,APAC,Partner,CUST-0223,4,881.89,3527.55
10283,2026-03-16,Tablet,Electronics,LATAM,Retail,CUST-0263,1,305.28,305.28
10284,2026-05-22,Smartwatch,Wearables,Europe,Partner,CUST-0348,2,841.04,1682.07
10285,2026-05-20,Standing Desk,Furniture,Europe,Partner,CUST-0188,1,139.11,139.11
10286,2026-03-27,Noise-Cancel Headphones,Audio,Europe,Partner,CUST-0231,5,1151.14,5755.68
10287,2026-03-28,Webcam HD,Accessories,Europe,Partner,CUST-0188,4,1066.53,4266.12
10288,2026-03-31,Webcam HD,Accessories,North America,Online,CUST-0377,3,934.98,2804.95
10289,2026-03-04,Standing Desk,Furniture,North America,Retail,CUST-0397,5,149.4,746.98
10290,2026-03-14,Smartwatch,Wearables,APAC,Partner,CUST-0252,4,698.4,2793.59
10291,2026-03-06,Wireless Mouse,Accessories,,Online,CUST-0366,2,70.99,141.98
10292,2026-04-06,Wireless Mouse,Accessories,North America,Partner,CUST-0278,3,67.9,203.71
10293,2026-03-18,4K Monitor,Electronics,Europe,Retail,CUST-0261,2,1143.71,2287.42
10294,2026-03-09,Wireless Mouse,Accessories,Europe,Retail,CUST-0014,2,69.98,139.95
10295,2026-03-27,Ergonomic Chair,Furniture,Europe,Partner,CUST-0045,5,612.66,3063.32
10296,2026-02-17,4K Monitor,Electronics,LATAM,Partner,CUST-0211,4,1223.76,4895.03
10297,2026-05-18,Noise-Cancel Headphones,Audio,APAC,Partner,CUST-0038,5,1165.01,5825.05
10298,2026-04-07,Standing Desk,Furniture,Europe,Online,CUST-0222,5,147.72,738.61
10299,2026-04-14,Laptop Pro,Electronics,APAC,Online,CUST-0083,1,950.1,950.1
10300,2026-03-22,Smartwatch,Wearables,APAC,Online,CUST-0129,2,723.8,1447.59
10301,2026-03-06,Tablet,Electronics,APAC,Partner,CUST-0274,5,322.8,1614.0
10302,2026-02-20,Ergonomic Chair,Furniture,Europe,Online,CUST-0338,2,648.9,1297.8
10303,2026-04-29,Smartwatch,Wearables,North America,Online,CUST-0042,5,722.17,3610.87
10304,2026-02-14,Tablet,Electronics,Europe,Partner,CUST-0214,5,321.94,1609.7
10305,2026-04-29,Tablet,Electronics,APAC,Partner,CUST-0155,1,342.44,342.44
10306,2026-04-11,Mechanical Keyboard,Accessories,North America,Partner,CUST-0031,4,331.03,1324.13
10307,2026-03-01,Standing Desk,Furniture,Europe,Retail,CUST-0311,4,153.23,612.93
10308,2026-02-27,Webcam HD,Accessories,APAC,Retail,CUST-0067,3,1059.13,3177.39
10309,2026-05-17,Webcam HD,Accessories,APAC,Online,CUST-0239,5,1014.93,5074.63
10310,2026-02-24,4K Monitor,Electronics,North America,Online,CUST-0149,4,1014.68,4058.71
10311,2026-03-30,Smartphone,Electronics,Europe,Retail,CUST-0296,4,67.31,269.24
10312,2026-05-12,Webcam HD,Accessories,LATAM,Partner,CUST-0240,2,1066.54,2133.08
10313,2026-04-13,4K Monitor,Electronics,LATAM,Partner,CUST-0235,4,952.17,3808.66
10314,2026-03-11,Mechanical Keyboard,Accessories,North America,Retail,CUST-0254,5,336.0,1679.98
10315,2026-04-26,Tablet,Electronics,North America,Online,CUST-0221,4,323.79,1295.17
10316,2026-02-26,4K Monitor,Electronics,APAC,Online,CUST-0206,3,1158.19,3474.56
10317,2026-02-15,Smartphone,Electronics,APAC,Online,CUST-0198,5,66.32,331.61
10318,2026-04-14,Standing Desk,Furniture,North America,Online,CUST-0050,5,145.16,725.82
10319,2026-03-31,Webcam HD,Accessories,APAC,Online,CUST-0102,3,1013.95,3041.84
10320,2026-04-27,Ergonomic Chair,Furniture,North America,Online,CUST-0071,4,633.99,2535.95
10321,2026-05-11,Webcam HD,Accessories,Europe,Partner,CUST-0264,4,1004.08,4016.34
10322,2026-02-26,Webcam HD,Accessories,LATAM,Partner,CUST-0379,5,952.64,4763.2
10323,2026-05-27,4K Monitor,Electronics,LATAM,Partner,CUST-0289,5,1039.28,5196.41
10324,2026-03-19,Standing Desk,Furniture,North America,Retail,CUST-0299,1,148.66,148.66
10325,2026-03-20,Smartwatch,Wearables,APAC,Partner,CUST-0398,1,772.27,772.27
10326,2026-04-24,Smartphone,Electronics,,Online,CUST-0269,2,76.04,152.08
10327,2026-04-30,Smartwatch,Wearables,LATAM,Online,CUST-0349,5,806.61,4033.03
10328,2026-03-12,Laptop Pro,Electronics,North America,Online,CUST-0010,5,1054.4,5271.98
10329,2026-04-06,Webcam HD,Accessories,Europe,Retail,CUST-0257,4,909.83,3639.33
10330,2026-05-19,Smartphone,Electronics,North America,Partner,CUST-0071,4,78.83,315.33
10331,2026-04-16,Mechanical Keyboard,Accessories,LATAM,Partner,CUST-0193,5,333.5,1667.52
10332,2026-03-21,USB-C Hub,Accessories,,Partner,CUST-0182,4,468.18,1872.71
10333,2026-05-06,Smartwatch,Wearables,Europe,Online,CUST-0143,3,774.82,2324.45
10334,2026-04-21,4K Monitor,Electronics,APAC,Retail,CUST-0361,2,1207.6,2415.19
10335,2026-03-07,Smartwatch,Wearables,APAC,Partner,CUST-0370,4,718.2,2872.79
10336,2026-03-16,4K Monitor,Electronics,LATAM,Retail,CUST-0177,1,1105.23,1105.23
10337,2026-05-18,USB-C Hub,Accessories,North America,Retail,CUST-0227,3,373.71,1121.14
10338,2026-05-03,4K Monitor,Electronics,APAC,Partner,CUST-0357,4,1005.24,4020.96
10339,2026-03-15,USB-C Hub,Accessories,Europe,Online,CUST-0026,1,,435.99
10340,2026-05-05,Ergonomic Chair,Furniture,North America,Online,CUST-0212,2,656.4,1312.8
10341,2026-03-23,Smartwatch,Wearables,Europe,Online,CUST-0282,4,676.37,2705.47
10342,2026-06-07,USB-C Hub,Accessories,LATAM,Retail,CUST-0334,4,440.03,1760.13
10343,2026-03-06,4K Monitor,Electronics,North America,Online,CUST-0334,3,1025.11,3075.32
10344,2026-04-23,Mechanical Keyboard,Accessories,North America,Online,CUST-0214,5,370.54,1852.68
10345,2026-06-01,USB-C Hub,Accessories,LATAM,Retail,CUST-0096,1,477.41,477.41
10346,2026-06-08,Smartwatch,Wearables,North America,Retail,CUST-0291,3,826.34,2479.02
10347,2026-04-27,Wireless Mouse,Accessories,LATAM,Online,CUST-0259,3,61.5,184.51
10348,2026-04-09,4K Monitor,Electronics,APAC,Online,CUST-0375,2,1170.69,2341.38
10349,2026-04-08,Tablet,Electronics,North America,Partner,CUST-0173,3,361.82,1085.46
10350,2026-05-21,4K Monitor,Electronics,Europe,Online,CUST-0313,5,1133.3,5666.52
10351,2026-05-29,Tablet,Electronics,APAC,Online,CUST-0206,4,371.34,1485.36
10352,2026-05-05,Wireless Mouse,Accessories,LATAM,Retail,CUST-0128,2,73.14,146.28
10353,2026-02-09,4K Monitor,Electronics,APAC,Retail,CUST-0155,4,1011.23,4044.92
10354,2026-04-24,Smartwatch,Wearables,APAC,Partner,CUST-0121,5,659.15,3295.75
10355,2026-02-16,Tablet,Electronics,Europe,Retail,CUST-0352,1,339.57,339.57
10356,2026-04-14,Smartwatch,Wearables,APAC,Retail,CUST-0315,3,790.32,2370.95
10357,2026-03-09,Mechanical Keyboard,Accessories,LATAM,Partner,CUST-0311,2,347.21,694.43
10358,2026-03-28,Noise-Cancel Headphones,Audio,Europe,Online,CUST-0349,5,1446.4,7232.02
10359,2026-05-16,Smartphone,Electronics,APAC,Online,CUST-0289,1,72.43,72.43
10360,2026-02-23,Laptop Pro,Electronics,Europe,Partner,CUST-0275,5,1043.41,5217.04
10361,2026-02-28,USB-C Hub,Accessories,LATAM,Online,CUST-0349,3,461.92,1385.76
10362,2026-03-07,Smartwatch,Wearables,LATAM,Online,CUST-0233,5,751.39,3756.95
10363,2026-02-25,Ergonomic Chair,Furniture,North America,Partner,CUST-0237,4,626.95,2507.81
10364,2026-05-06,4K Monitor,Electronics,North America,Partner,CUST-0112,1,1055.85,1055.85
10365,2026-04-24,Wireless Mouse,Accessories,North America,Partner,CUST-0031,1,63.83,63.83
10366,2026-06-08,Wireless Mouse,Accessories,LATAM,Online,CUST-0394,4,57.28,229.14
10367,2026-02-26,Tablet,Electronics,LATAM,Retail,CUST-0194,4,331.59,1326.35
10368,2026-03-29,Wireless Mouse,Accessories,APAC,Online,CUST-0092,5,58.97,294.87
10369,2026-04-18,Noise-Cancel Headphones,Audio,Europe,Online,CUST-0388,5,1182.98,5914.92
10370,2026-02-11,4K Monitor,Electronics,,Partner,CUST-0195,4,1133.05,4532.22
10371,2026-05-25,Mechanical Keyboard,Accessories,Europe,Retail,CUST-0097,2,345.64,691.28
10372,2026-06-08,Smartwatch,Wearables,LATAM,Partner,CUST-0393,1,663.16,663.16
10373,2026-06-08,Laptop Pro,Electronics,North America,Partner,CUST-0018,2,874.44,1748.88
10374,2026-04-07,Smartphone,Electronics,North America,Retail,CUST-0225,1,67.25,67.25
10375,2026-03-10,Ergonomic Chair,Furniture,North America,Online,CUST-0258,2,675.33,1350.65
10376,2026-03-18,Mechanical Keyboard,Accessories,APAC,Online,CUST-0155,5,332.95,1664.77
10377,2026-06-01,USB-C Hub,Accessories,APAC,Retail,CUST-0032,5,393.15,1965.73
10378,2026-04-21,Smartphone,Electronics,LATAM,Partner,CUST-0254,2,74.28,148.56
10379,2026-02-15,Webcam HD,Accessories,APAC,Partner,CUST-0214,4,1072.35,4289.4
10380,2026-04-02,USB-C Hub,Accessories,LATAM,Online,CUST-0116,3,410.02,1230.06
10381,2026-03-19,Smartwatch,Wearables,North America,Partner,CUST-0212,2,812.63,1625.26
10382,2026-04-03,Ergonomic Chair,Furniture,Europe,Retail,CUST-0105,5,574.49,2872.47
10383,2026-03-23,Tablet,Electronics,APAC,Online,CUST-0275,1,379.71,379.71
10384,2026-05-12,Mechanical Keyboard,Accessories,North America,Online,CUST-0097,1,328.44,328.44
10385,2026-05-22,Smartphone,Electronics,Europe,Retail,CUST-0156,5,66.73,333.67
10386,2026-06-05,Laptop Pro,Electronics,North America,Partner,CUST-0387,2,1051.72,2103.44
10387,2026-04-11,Mechanical Keyboard,Accessories,LATAM,Online,CUST-0283,5,367.41,1837.05
10388,2026-03-22,4K Monitor,Electronics,APAC,Retail,CUST-0134,4,1075.41,4301.63
10389,2026-03-27,Ergonomic Chair,Furniture,LATAM,Retail,CUST-0105,4,628.45,2513.79
10390,2026-03-28,Webcam HD,Accessories,Europe,Partner,CUST-0075,4,882.75,3531.0
10391,2026-02-11,4K Monitor,Electronics,LATAM,Retail,CUST-0079,5,1205.72,6028.62
10392,2026-03-06,Webcam HD,Accessories,Europe,Retail,CUST-0282,2,968.35,1936.7
10393,2026-05-03,Tablet,Electronics,LATAM,Partner,CUST-0329,3,321.3,963.89
10394,2026-05-14,Standing Desk,Furniture,APAC,Online,CUST-0072,4,140.77,563.07
10395,2026-05-12,Ergonomic Chair,Furniture,North America,Partner,CUST-0018,4,582.61,2330.46
10396,2026-05-27,Wireless Mouse,Accessories,LATAM,Online,CUST-0323,1,69.51,69.51
10397,2026-03-10,Wireless Mouse,Accessories,LATAM,Retail,CUST-0031,2,56.91,113.81
10398,2026-04-29,Tablet,Electronics,LATAM,Online,CUST-0004,5,378.88,1894.38
10399,2026-04-18,Ergonomic Chair,Furniture,APAC,Partner,CUST-0147,4,554.62,2218.49
10400,2026-02-11,Ergonomic Chair,Furniture,Europe,Online,CUST-0050,4,683.74,2734.98
10401,2026-04-17,USB-C Hub,Accessories,APAC,Retail,CUST-0137,2,389.99,779.97
10402,2026-05-21,Noise-Cancel Headphones,Audio,LATAM,Retail,CUST-0290,1,1265.39,1265.39
10403,2026-03-12,Smartwatch,Wearables,North America,Partner,CUST-0333,2,714.9,1429.8
10404,2026-05-17,Laptop Pro,Electronics,LATAM,Partner,CUST-0244,1,922.74,922.74
10405,2026-02-16,Tablet,Electronics,North America,Retail,CUST-0223,1,360.43,360.43
10406,2026-05-02,Webcam HD,Accessories,North America,Partner,CUST-0022,5,1121.42,5607.09
10407,2026-03-10,Mechanical Keyboard,Accessories,North America,Online,CUST-0351,5,346.97,1734.87
10408,2026-06-07,4K Monitor,Electronics,North America,Online,CUST-0162,5,1102.46,5512.3
10409,2026-02-11,Mechanical Keyboard,Accessories,LATAM,Online,CUST-0154,5,317.31,1586.56
10410,2026-03-01,Smartphone,Electronics,LATAM,Partner,CUST-0277,2,73.19,146.37
10411,2026-03-23,Noise-Cancel Headphones,Audio,North America,Partner,CUST-0382,2,1405.39,2810.78
10412,2026-03-25,Laptop Pro,Electronics,North America,Retail,CUST-0310,1,930.46,930.46
10413,2026-05-18,Smartphone,Electronics,APAC,Online,CUST-0325,5,,350.25
10414,2026-03-15,Standing Desk,Furniture,LATAM,Retail,CUST-0096,4,143.13,572.52
10415,2026-05-07,Smartphone,Electronics,APAC,Online,CUST-0366,4,64.31,257.24
10416,2026-02-18,Wireless Mouse,Accessories,Europe,Partner,CUST-0200,3,59.33,177.99
10417,2026-03-21,Webcam HD,Accessories,APAC,Retail,CUST-0185,1,894.48,894.48
10418,2026-05-17,4K Monitor,Electronics,Europe,Retail,CUST-0230,1,982.58,982.58
10419,2026-04-21,Ergonomic Chair,Furniture,North America,Online,CUST-0182,5,619.03,3095.13
10420,2026-04-20,Wireless Mouse,Accessories,APAC,Retail,CUST-0007,5,66.74,333.69
10421,2026-03-18,Noise-Cancel Headphones,Audio,Europe,Partner,CUST-0267,4,1401.59,5606.36
10422,2026-03-02,Tablet,Electronics,APAC,Retail,CUST-0138,4,,1254.32
10423,2026-04-13,USB-C Hub,Accessories,APAC,Retail,CUST-0154,1,,387.3
10424,2026-04-11,Wireless Mouse,Accessories,Europe,Partner,CUST-0321,3,60.96,182.87
10425,2026-04-13,Smartphone,Electronics,North America,Online,CUST-0156,5,66.34,331.69
10426,2026-02-09,Noise-Cancel Headphones,Audio,LATAM,Retail,CUST-0226,3,1422.53,4267.59
10427,2026-03-23,Noise-Cancel Headphones,Audio,APAC,Partner,CUST-0356,5,1185.93,5929.64
10428,2026-03-06,Standing Desk,Furniture,LATAM,Retail,CUST-0150,3,,423.41
10429,2026-05-14,Smartwatch,Wearables,Europe,Retail,CUST-0193,4,843.93,3375.71
10430,2026-03-16,Noise-Cancel Headphones,Audio,Europe,Partner,CUST-0280,3,1178.47,3535.41
10431,2026-03-04,Tablet,Electronics,LATAM,Partner,CUST-0108,5,301.05,1505.27
10432,2026-04-06,4K Monitor,Electronics,LATAM,Partner,CUST-0256,1,,1173.52
10433,2026-02-26,Tablet,Electronics,Europe,Partner,CUST-0217,3,,959.85
10434,2026-05-21,Noise-Cancel Headphones,Audio,LATAM,Partner,CUST-0206,1,1290.88,1290.88
10435,2026-04-18,Ergonomic Chair,Furniture,APAC,Partner,CUST-0275,4,641.07,2564.28
10436,2026-04-26,Tablet,Electronics,Europe,Partner,CUST-0341,1,308.3,308.3
10437,2026-03-26,USB-C Hub,Accessories,,Retail,CUST-0221,5,373.96,1869.78
10438,2026-02-22,Laptop Pro,Electronics,Europe,Retail,CUST-0192,1,887.21,887.21
10439,2026-03-31,Standing Desk,Furniture,Europe,Retail,CUST-0013,5,,806.84
10440,2026-04-11,Wireless Mouse,Accessories,North America,Online,CUST-0374,3,63.7,191.09
10441,2026-02-27,Webcam HD,Accessories,Europe,Partner,CUST-0248,3,958.93,2876.78
10442,2026-03-25,Standing Desk,Furniture,LATAM,Retail,CUST-0035,1,151.42,151.42
10443,2026-03-19,Laptop Pro,Electronics,APAC,Partner,CUST-0056,1,829.94,829.94
10444,2026-05-06,USB-C Hub,Accessories,Europe,Retail,CUST-0287,2,425.17,850.34
10445,2026-04-04,Standing Desk,Furniture,Europe,Online,CUST-0328,2,165.6,331.2
10446,2026-05-04,Noise-Cancel Headphones,Audio,Europe,Retail,CUST-0304,4,1150.07,4600.26
10447,2026-04-04,Noise-Cancel Headphones,Audio,Europe,Retail,CUST-0386,1,1376.63,1376.63
10448,2026-05-10,Wireless Mouse,Accessories,Europe,Retail,CUST-0167,5,58.45,292.26
10449,2026-03-06,Standing Desk,Furniture,LATAM,Partner,CUST-0328,1,144.48,144.48
10450,2026-03-21,Smartphone,Electronics,,Retail,CUST-0181,4,74.01,296.03
10451,2026-05-28,Standing Desk,Furniture,APAC,Partner,CUST-0303,5,,704.68
10452,2026-02-19,Tablet,Electronics,Europe,Retail,CUST-0060,2,326.2,652.41
10453,2026-03-04,Webcam HD,Accessories,LATAM,Partner,CUST-0071,2,1001.9,2003.81
10454,2026-04-23,Noise-Cancel Headphones,Audio,Europe,Partner,CUST-0086,4,1202.57,4810.29
10455,2026-04-12,4K Monitor,Electronics,LATAM,Partner,CUST-0028,2,997.76,1995.52
10456,2026-05-30,Webcam HD,Accessories,Europe,Retail,CUST-0288,1,995.19,995.19
10457,2026-04-14,Tablet,Electronics,LATAM,Retail,CUST-0364,4,334.63,1338.53
10458,2026-05-27,Standing Desk,Furniture,North America,Online,CUST-0150,4,140.73,562.91
10459,2026-02-13,4K Monitor,Electronics,Europe,Retail,CUST-0290,2,1095.26,2190.51
10460,2026-05-15,Standing Desk,Furniture,North America,Retail,CUST-0397,5,154.28,771.41
10461,2026-04-19,Webcam HD,Accessories,North America,Partner,CUST-0226,5,1081.78,5408.9
10462,2026-04-19,Mechanical Keyboard,Accessories,Europe,Retail,CUST-0017,4,313.57,1254.29
10463,2026-04-07,4K Monitor,Electronics,,Retail,CUST-0061,3,1185.54,3556.62
10464,2026-05-19,Mechanical Keyboard,Accessories,APAC,Partner,CUST-0313,2,376.98,753.97
10465,2026-04-30,Noise-Cancel Headphones,Audio,Europe,Online,CUST-0031,2,1346.92,2693.83
10466,2026-04-22,Webcam HD,Accessories,Europe,Retail,CUST-0361,5,943.05,4715.24
10467,2026-03-18,4K Monitor,Electronics,North America,Online,CUST-0385,5,1020.08,5100.4
10468,2026-05-20,Noise-Cancel Headphones,Audio,Europe,Partner,CUST-0068,1,1473.13,1473.13
10469,2026-03-12,USB-C Hub,Accessories,LATAM,Retail,CUST-0073,3,459.1,1377.29
10470,2026-04-23,Tablet,Electronics,LATAM,Retail,CUST-0039,3,353.84,1061.53
10471,2026-05-01,Wireless Mouse,Accessories,APAC,Partner,CUST-0189,4,65.36,261.45
10472,2026-04-08,Standing Desk,Furniture,North America,Partner,CUST-0235,3,157.09,471.26
10473,2026-05-01,Tablet,Electronics,LATAM,Online,CUST-0220,3,373.37,1120.12
10474,2026-05-25,Mechanical Keyboard,Accessories,,Retail,CUST-0281,4,328.44,1313.78
10475,2026-04-23,USB-C Hub,Accessories,APAC,Partner,CUST-0391,5,461.7,2308.48
10476,2026-02-15,Laptop Pro,Electronics,LATAM,Online,CUST-0064,1,976.31,976.31
10477,2026-06-07,USB-C Hub,Accessories,LATAM,Online,CUST-0353,4,418.71,1674.85
10478,2026-06-05,USB-C Hub,Accessories,APAC,Online,CUST-0336,3,386.41,1159.22
10479,2026-03-27,4K Monitor,Electronics,,Online,CUST-0203,1,1049.15,1049.15
10480,2026-04-30,4K Monitor,Electronics,North America,Partner,CUST-0049,2,1065.11,2130.22
10481,2026-02-09,Mechanical Keyboard,Accessories,Europe,Partner,CUST-0349,4,311.38,1245.52
10482,2026-04-06,Laptop Pro,Electronics,North America,Retail,CUST-0356,1,993.14,993.14
10483,2026-02-25,Standing Desk,Furniture,North America,Partner,CUST-0053,1,143.16,143.16
10484,2026-02-22,Webcam HD,Accessories,Europe,Retail,CUST-0397,3,1096.74,3290.21
10485,2026-05-24,USB-C Hub,Accessories,North America,Partner,CUST-0333,2,376.57,753.15
10486,2026-03-02,Standing Desk,Furniture,Europe,Retail,CUST-0316,3,162.63,487.89
10487,2026-05-07,Standing Desk,Furniture,North America,Online,CUST-0386,2,137.55,275.1
10488,2026-02-24,Smartphone,Electronics,LATAM,Retail,CUST-0072,4,69.22,276.86
10489,2026-03-12,4K Monitor,Electronics,APAC,Partner,CUST-0014,1,1014.75,1014.75
10490,2026-05-28,Tablet,Electronics,Europe,Partner,CUST-0201,3,316.74,950.22
10491,2026-03-18,Tablet,Electronics,Europe,Retail,CUST-0198,1,367.55,367.55
10492,2026-02-23,Mechanical Keyboard,Accessories,North America,Partner,CUST-0007,4,361.53,1446.12
10493,2026-03-27,Webcam HD,Accessories,LATAM,Retail,CUST-0280,2,970.14,1940.28
10494,2026-05-07,USB-C Hub,Accessories,North America,Online,CUST-0301,4,472.77,1891.1
10495,2026-02-17,Laptop Pro,Electronics,North America,Retail,CUST-0260,3,876.78,2630.34
10496,2026-03-17,Tablet,Electronics,LATAM,Partner,CUST-0206,5,366.08,1830.4
10497,2026-02-19,Tablet,Electronics,Europe,Retail,CUST-0043,5,345.92,1729.62
10498,2026-03-20,Wireless Mouse,Accessories,Europe,Partner,CUST-0168,5,72.13,360.64
10499,2026-03-31,Smartphone,Electronics,LATAM,Partner,CUST-0123,1,68.45,68.45
10500,2026-02-16,Mechanical Keyboard,Accessories,North America,Retail,CUST-0314,1,387.18,387.18
10501,2026-04-27,Laptop Pro,Electronics,Europe,Online,CUST-0007,3,985.98,2957.95
10502,2026-05-10,USB-C Hub,Accessories,APAC,Partner,CUST-0265,1,386.93,386.93
10503,2026-05-20,Smartwatch,Wearables,Europe,Partner,CUST-0400,3,689.2,2067.6
10504,2026-05-31,4K Monitor,Electronics,North America,Retail,CUST-0220,1,1160.29,1160.29
10505,2026-03-15,Ergonomic Chair,Furniture,North America,Retail,CUST-0234,1,595.44,595.44
10506,2026-04-15,Webcam HD,Accessories,Europe,Retail,CUST-0081,1,999.03,999.03
10507,2026-03-13,Wireless Mouse,Accessories,North America,Online,CUST-0380,5,68.01,340.04
10508,2026-04-15,Laptop Pro,Electronics,North America,Online,CUST-0024,1,1032.69,1032.69
10509,2026-04-10,Webcam HD,Accessories,Europe,Online,CUST-0284,4,1106.79,4427.15
10510,2026-05-22,Smartwatch,Wearables,Europe,Retail,CUST-0369,4,700.32,2801.28
10511,2026-03-21,4K Monitor,Electronics,North America,Partner,CUST-0345,1,1104.69,1104.69
10512,2026-06-04,Laptop Pro,Electronics,North America,Retail,CUST-0036,2,878.59,1757.17
10513,2026-06-01,Standing Desk,Furniture,APAC,Retail,CUST-0045,3,164.65,493.94
10514,2026-04-20,Standing Desk,Furniture,APAC,Partner,CUST-0156,1,148.68,148.68
10515,2026-05-14,Smartphone,Electronics,LATAM,Online,CUST-0376,2,71.29,142.58
10516,2026-06-04,Ergonomic Chair,Furniture,LATAM,Online,CUST-0120,2,577.17,1154.34
10517,2026-04-19,Webcam HD,Accessories,North America,Partner,CUST-0193,1,1114.67,1114.67
10518,2026-05-28,Smartwatch,Wearables,Europe,Retail,CUST-0252,3,677.02,2031.07
10519,2026-02-16,USB-C Hub,Accessories,Europe,Partner,CUST-0212,3,379.25,1137.74
10520,2026-05-09,Webcam HD,Accessories,North America,Partner,CUST-0049,4,1120.71,4482.83
10521,2026-04-14,USB-C Hub,Accessories,North America,Retail,CUST-0340,4,377.27,1509.08
10522,2026-02-25,Mechanical Keyboard,Accessories,APAC,Retail,CUST-0359,3,327.77,983.31
10523,2026-05-26,Smartwatch,Wearables,APAC,Online,CUST-0039,3,718.39,2155.18
10524,2026-03-06,USB-C Hub,Accessories,North America,Online,CUST-0231,5,380.98,1904.89
10525,2026-04-09,Webcam HD,Accessories,APAC,Online,CUST-0232,4,901.97,3607.87
10526,2026-03-20,Standing Desk,Furniture,North America,Online,CUST-0352,3,167.76,503.28
10527,2026-03-19,Smartwatch,Wearables,APAC,Online,CUST-0047,5,664.73,3323.66
10528,2026-05-11,Mechanical Keyboard,Accessories,North America,Partner,CUST-0154,3,339.88,1019.63
10529,2026-03-14,USB-C Hub,Accessories,LATAM,Partner,CUST-0384,1,472.52,472.52
10530,2026-04-20,Mechanical Keyboard,Accessories,Europe,Online,CUST-0007,1,345.77,345.77
10531,2026-02-16,Mechanical Keyboard,Accessories,LATAM,Retail,CUST-0352,2,322.14,644.28
10532,2026-04-30,Tablet,Electronics,APAC,Online,CUST-0012,1,349.85,349.85
10533,2026-02-17,Mechanical Keyboard,Accessories,North America,Retail,CUST-0063,4,376.86,1507.43
10534,2026-02-14,Standing Desk,Furniture,LATAM,Partner,CUST-0203,1,140.76,140.76
10535,2026-04-13,Laptop Pro,Electronics,Europe,Retail,CUST-0110,4,990.14,3960.55
10536,2026-06-05,USB-C Hub,Accessories,Europe,Online,CUST-0315,3,399.53,1198.59
10537,2026-04-29,Smartphone,Electronics,LATAM,Retail,CUST-0282,2,74.67,149.34
10538,2026-04-11,Laptop Pro,Electronics,Europe,Retail,CUST-0103,1,892.31,892.31
10539,2026-05-02,Ergonomic Chair,Furniture,North America,Retail,CUST-0366,2,655.23,1310.46
10540,2026-03-26,Standing Desk,Furniture,APAC,Partner,CUST-0258,5,164.96,824.79
10541,2026-03-22,Noise-Cancel Headphones,Audio,APAC,Partner,CUST-0113,3,1200.58,3601.74
10542,2026-02-12,4K Monitor,Electronics,LATAM,Partner,CUST-0184,1,1170.65,1170.65
10543,2026-05-18,Smartphone,Electronics,,Online,CUST-0337,2,80.7,161.4
10544,2026-03-11,4K Monitor,Electronics,North America,Online,CUST-0295,5,1172.77,5863.85
10545,2026-05-28,Noise-Cancel Headphones,Audio,Europe,Online,CUST-0122,3,1453.92,4361.76
10546,2026-04-25,Webcam HD,Accessories,North America,Partner,CUST-0359,3,1105.19,3315.56
10547,2026-03-26,Smartphone,Electronics,Europe,Retail,CUST-0278,5,65.35,326.76
10548,2026-03-20,USB-C Hub,Accessories,North America,Online,CUST-0309,4,373.27,1493.07
10549,2026-03-09,Laptop Pro,Electronics,APAC,Partner,CUST-0104,5,940.37,4701.87
10550,2026-05-23,USB-C Hub,Accessories,APAC,Online,CUST-0012,3,446.99,1340.96
10551,2026-02-27,Smartphone,Electronics,APAC,Online,CUST-0192,2,77.02,154.03
10552,2026-05-10,Tablet,Electronics,APAC,Retail,CUST-0166,4,350.17,1400.69
10553,2026-02-26,USB-C Hub,Accessories,LATAM,Partner,CUST-0163,4,455.12,1820.48
10554,2026-03-03,Smartwatch,Wearables,APAC,Online,CUST-0341,5,790.95,3954.74
10555,2026-04-25,USB-C Hub,Accessories,APAC,Online,CUST-0091,4,402.46,1609.84
10556,2026-05-13,Laptop Pro,Electronics,North America,Online,CUST-0309,5,919.43,4597.13
10557,2026-03-21,Smartphone,Electronics,North America,Retail,CUST-0073,2,74.53,149.06
10558,2026-03-23,Smartwatch,Wearables,APAC,Online,CUST-0326,1,702.92,702.92
10559,2026-06-02,Wireless Mouse,Accessories,APAC,Online,CUST-0128,3,64.21,192.63
10560,2026-05-08,Wireless Mouse,Accessories,North America,Partner,CUST-0001,3,61.04,183.12
10561,2026-02-15,Noise-Cancel Headphones,Audio,Europe,Retail,CUST-0253,4,1385.97,5543.86
10562,2026-06-01,Noise-Cancel Headphones,Audio,North America,Retail,CUST-0296,3,1323.4,3970.19
10563,2026-05-03,Tablet,Electronics,North America,Online,CUST-0151,2,312.98,625.96
10564,2026-02-11,Webcam HD,Accessories,North America,Retail,CUST-0088,3,1114.84,3344.52
10565,2026-06-02,Noise-Cancel Headphones,Audio,North America,Retail,CUST-0305,2,1385.76,2771.53
10566,2026-04-28,Standing Desk,Furniture,Europe,Partner,CUST-0223,1,151.15,151.15
10567,2026-03-01,Laptop Pro,Electronics,Europe,Retail,CUST-0357,1,904.75,904.75
10568,2026-04-20,Smartwatch,Wearables,APAC,Retail,CUST-0122,5,708.19,3540.97
10569,2026-02-21,Laptop Pro,Electronics,LATAM,Online,CUST-0028,4,963.11,3852.46
10570,2026-03-27,Laptop Pro,Electronics,LATAM,Online,CUST-0050,4,845.72,3382.86
10571,2026-02-12,Mechanical Keyboard,Accessories,North America,Retail,CUST-0060,2,361.54,723.08
10572,2026-03-20,Noise-Cancel Headphones,Audio,APAC,Online,CUST-0329,4,1304.31,5217.22
10573,2026-04-19,Noise-Cancel Headphones,Audio,LATAM,Retail,CUST-0096,2,1264.71,2529.41
10574,2026-04-07,Laptop Pro,Electronics,APAC,Online,CUST-0138,3,931.1,2793.3
10575,2026-04-22,Laptop Pro,Electronics,North America,Online,CUST-0343,2,1006.88,2013.75
10576,2026-03-25,Ergonomic Chair,Furniture,Europe,Partner,CUST-0032,4,710.49,2841.96
10577,2026-05-27,Noise-Cancel Headphones,Audio,LATAM,Partner,CUST-0121,5,1280.67,6403.37
10578,2026-04-10,4K Monitor,Electronics,North America,Partner,CUST-0293,1,1055.53,1055.53
10579,2026-06-04,Ergonomic Chair,Furniture,Europe,Online,CUST-0388,5,662.83,3314.17
10580,2026-04-07,USB-C Hub,Accessories,Europe,Online,CUST-0022,2,474.7,949.39
10581,2026-04-04,Wireless Mouse,Accessories,Europe,Partner,CUST-0133,4,60.13,240.5
10582,2026-03-21,Smartwatch,Wearables,LATAM,Partner,CUST-0167,1,673.75,673.75
10583,2026-05-29,4K Monitor,Electronics,North America,Partner,CUST-0320,5,1073.16,5365.78
10584,2026-04-25,Ergonomic Chair,Furniture,Europe,Online,CUST-0291,4,570.99,2283.95
10585,2026-04-25,Smartphone,Electronics,North America,Retail,CUST-0275,1,79.79,79.79
10586,2026-06-01,Webcam HD,Accessories,LATAM,Partner,CUST-0312,4,938.71,3754.82
10587,2026-04-10,Laptop Pro,Electronics,Europe,Partner,CUST-0312,2,891.25,1782.5
10588,2026-05-07,Smartwatch,Wearables,APAC,Partner,CUST-0122,4,664.43,2657.73
10589,2026-02-15,Smartwatch,Wearables,APAC,Online,CUST-0173,4,834.86,3339.44
10590,2026-05-24,4K Monitor,Electronics,LATAM,Partner,CUST-0351,3,1023.7,3071.09
10591,2026-02-21,Mechanical Keyboard,Accessories,LATAM,Retail,CUST-0138,2,331.3,662.61
10592,2026-05-13,Noise-Cancel Headphones,Audio,Europe,Retail,CUST-0109,5,1356.78,6783.89
10593,2026-06-05,Noise-Cancel Headphones,Audio,APAC,Online,CUST-0264,4,1394.99,5579.96
10594,2026-05-21,USB-C Hub,Accessories,LATAM,Online,CUST-0400,1,402.93,402.93
10595,2026-05-28,Ergonomic Chair,Furniture,Europe,Online,CUST-0030,5,557.4,2787.01
10596,2026-03-12,Laptop Pro,Electronics,APAC,Partner,CUST-0102,4,836.73,3346.9
10597,2026-03-16,Webcam HD,Accessories,North America,Partner,CUST-0016,4,1000.44,4001.78
10598,2026-03-11,Webcam HD,Accessories,Europe,Retail,CUST-0301,4,1023.22,4092.9
10599,2026-04-20,Webcam HD,Accessories,APAC,Partner,CUST-0353,3,912.93,2738.78
10600,2026-02-20,4K Monitor,Electronics,Europe,Partner,CUST-0400,1,1053.24,1053.24
10601,2026-03-08,Mechanical Keyboard,Accessories,APAC,Partner,CUST-0210,2,365.08,730.15
10602,2026-04-15,Laptop Pro,Electronics,Europe,Partner,CUST-0089,1,939.43,939.43
10603,2026-04-26,Laptop Pro,Electronics,,Partner,CUST-0364,2,885.67,1771.34
10604,2026-05-02,4K Monitor,Electronics,APAC,Retail,CUST-0130,4,1194.8,4779.2
10605,2026-03-08,Standing Desk,Furniture,LATAM,Partner,CUST-0053,3,160.85,482.54
10606,2026-02-09,Ergonomic Chair,Furniture,APAC,Retail,CUST-0351,3,643.96,1931.89
10607,2026-02-22,Standing Desk,Furniture,APAC,Partner,CUST-0167,1,,147.4
10608,2026-05-30,4K Monitor,Electronics,APAC,Online,CUST-0077,3,1128.22,3384.66
10609,2026-04-16,Mechanical Keyboard,Accessories,LATAM,Partner,CUST-0164,1,376.51,376.51
10610,2026-05-07,USB-C Hub,Accessories,APAC,Retail,CUST-0215,1,,440.3
10611,2026-04-01,Noise-Cancel Headphones,Audio,Europe,Retail,CUST-0372,1,1335.81,1335.81
10612,2026-05-11,Mechanical Keyboard,Accessories,LATAM,Partner,CUST-0184,5,361.55,1807.75
10613,2026-04-14,4K Monitor,Electronics,Europe,Retail,CUST-0050,2,1179.54,2359.09
10614,2026-04-10,USB-C Hub,Accessories,Europe,Partner,CUST-0172,3,447.88,1343.65
10615,2026-05-03,Wireless Mouse,Accessories,APAC,Retail,CUST-0170,2,62.69,125.37
10616,2026-03-28,4K Monitor,Electronics,North America,Retail,CUST-0028,5,1027.51,5137.55
10617,2026-05-30,Tablet,Electronics,North America,Retail,CUST-0100,5,349.67,1748.35
10618,2026-04-14,Wireless Mouse,Accessories,LATAM,Online,CUST-0078,4,65.6,262.4
10619,2026-02-26,Mechanical Keyboard,Accessories,LATAM,Online,CUST-0162,3,341.04,1023.11
10620,2026-05-30,Smartwatch,Wearables,LATAM,Retail,CUST-0324,2,807.44,1614.89
10621,2026-03-03,Webcam HD,Accessories,APAC,Online,CUST-0390,1,872.25,872.25
10622,2026-05-19,USB-C Hub,Accessories,LATAM,Online,CUST-0067,5,452.15,2260.74
10623,2026-04-28,Noise-Cancel Headphones,Audio,LATAM,Retail,CUST-0003,4,1275.56,5102.25
10624,2026-02-13,Ergonomic Chair,Furniture,North America,Retail,CUST-0388,2,671.47,1342.94
10625,2026-05-26,Ergonomic Chair,Furniture,North America,Partner,CUST-0376,2,555.61,1111.22
10626,2026-03-12,Mechanical Keyboard,Accessories,North America,Retail,CUST-0258,3,332.34,997.03
10627,2026-04-25,4K Monitor,Electronics,North America,Retail,CUST-0149,2,963.88,1927.76
10628,2026-04-08,Smartwatch,Wearables,APAC,Retail,CUST-0352,5,772.17,3860.84
10629,2026-02-26,Webcam HD,Accessories,Europe,Online,CUST-0207,4,963.07,3852.29
10630,2026-02-11,Mechanical Keyboard,Accessories,Europe,Online,CUST-0376,2,369.51,739.01
10631,2026-02-11,Smartphone,Electronics,APAC,Partner,CUST-0334,5,65.85,329.24
10632,2026-05-21,Laptop Pro,Electronics,APAC,Partner,CUST-0320,4,1037.02,4148.08
10633,2026-02-15,Smartphone,Electronics,North America,Online,CUST-0354,1,74.94,74.94
10634,2026-02-23,Noise-Cancel Headphones,Audio,APAC,Retail,CUST-0360,4,1267.8,5071.21
10635,2026-02-28,Mechanical Keyboard,Accessories,North America,Partner,CUST-0267,1,331.36,331.36
10636,2026-03-15,Smartphone,Electronics,LATAM,Online,CUST-0262,5,75.66,378.29
10637,2026-05-12,Smartphone,Electronics,North America,Retail,CUST-0102,1,67.95,67.95
10638,2026-04-27,Mechanical Keyboard,Accessories,Europe,Retail,CUST-0361,3,378.85,1136.54
10639,2026-04-02,4K Monitor,Electronics,LATAM,Online,CUST-0353,2,956.68,1913.36
10640,2026-06-08,Standing Desk,Furniture,North America,Partner,CUST-0046,3,143.38,430.14
10641,2026-06-05,Wireless Mouse,Accessories,Europe,Online,CUST-0400,5,67.92,339.61
10642,2026-04-15,Wireless Mouse,Accessories,Europe,Retail,CUST-0152,1,71.86,71.86
10643,2026-03-14,Standing Desk,Furniture,Europe,Online,CUST-0149,1,138.07,138.07
10644,2026-03-27,Tablet,Electronics,North America,Online,CUST-0389,3,336.11,1008.34
10645,2026-06-02,Laptop Pro,Electronics,Europe,Retail,CUST-0184,1,1031.07,1031.07
10646,2026-06-03,Standing Desk,Furniture,North America,Retail,CUST-0176,5,144.71,723.57
10647,2026-03-04,Wireless Mouse,Accessories,LATAM,Retail,CUST-0198,4,63.44,253.74
10648,2026-05-08,Standing Desk,Furniture,Europe,Online,CUST-0068,4,159.73,638.91
10649,2026-05-09,Smartwatch,Wearables,Europe,Online,CUST-0214,1,846.6,846.6
10650,2026-06-05,Smartphone,Electronics,LATAM,Online,CUST-0313,4,77.53,310.13
10651,2026-03-29,Webcam HD,Accessories,Europe,Retail,CUST-0250,5,878.42,4392.1
10652,2026-02-23,Noise-Cancel Headphones,Audio,APAC,Partner,CUST-0161,4,1155.69,4622.77
10653,2026-02-10,Smartwatch,Wearables,Europe,Partner,CUST-0174,5,805.24,4026.2
10654,2026-04-16,Ergonomic Chair,Furniture,Europe,Retail,CUST-0178,5,568.18,2840.89
10655,2026-05-04,Tablet,Electronics,North America,Online,CUST-0330,4,311.75,1247.0
10656,2026-06-08,USB-C Hub,Accessories,LATAM,Online,CUST-0039,5,461.31,2306.54
10657,2026-05-16,Standing Desk,Furniture,APAC,Online,CUST-0260,3,143.63,430.9
10658,2026-03-09,Ergonomic Chair,Furniture,Europe,Online,CUST-0236,4,618.25,2473.0
10659,2026-04-06,Smartphone,Electronics,LATAM,Retail,CUST-0162,4,64.35,257.42
10660,2026-02-24,Standing Desk,Furniture,LATAM,Online,CUST-0286,1,138.18,138.18
10661,2026-04-20,Laptop Pro,Electronics,APAC,Partner,CUST-0288,1,1016.47,1016.47
10662,2026-03-07,Tablet,Electronics,APAC,Online,CUST-0115,4,382.18,1528.71
10663,2026-05-28,Standing Desk,Furniture,LATAM,Partner,CUST-0337,3,156.23,468.68
10664,2026-03-27,Smartwatch,Wearables,Europe,Online,CUST-0175,4,678.97,2715.88
10665,2026-03-26,Tablet,Electronics,APAC,Partner,CUST-0055,3,346.8,1040.41
10666,2026-02-14,USB-C Hub,Accessories,LATAM,Online,CUST-0131,4,384.4,1537.58
10667,2026-04-28,Mechanical Keyboard,Accessories,LATAM,Online,CUST-0235,2,315.21,630.42
10668,2026-05-25,Mechanical Keyboard,Accessories,LATAM,Online,CUST-0325,3,314.05,942.15
10669,2026-05-27,Tablet,Electronics,LATAM,Retail,CUST-0338,5,309.51,1547.57
10670,2026-04-25,Ergonomic Chair,Furniture,,Partner,CUST-0377,2,709.38,1418.75
10671,2026-02-15,Ergonomic Chair,Furniture,LATAM,Partner,CUST-0400,4,689.05,2756.21
10672,2026-06-06,USB-C Hub,Accessories,Europe,Online,CUST-0199,5,388.0,1940.0
10673,2026-05-04,Smartphone,Electronics,,Retail,CUST-0312,5,79.02,395.08
10674,2026-06-06,Smartwatch,Wearables,APAC,Retail,CUST-0232,2,709.8,1419.61
10675,2026-05-23,USB-C Hub,Accessories,APAC,Partner,CUST-0281,2,413.96,827.92
10676,2026-05-30,Webcam HD,Accessories,Europe,Online,CUST-0320,5,1033.1,5165.49
10677,2026-05-11,4K Monitor,Electronics,Europe,Partner,CUST-0333,3,1201.95,3605.85
10678,2026-03-03,Ergonomic Chair,Furniture,APAC,Partner,CUST-0060,5,665.56,3327.81
10679,2026-05-17,Webcam HD,Accessories,LATAM,Partner,CUST-0383,5,994.1,4970.51
10680,2026-06-03,Ergonomic Chair,Furniture,LATAM,Online,CUST-0268,3,695.34,2086.01
10681,2026-02-22,Laptop Pro,Electronics,North America,Online,CUST-0137,4,859.71,3438.83
10682,2026-05-16,USB-C Hub,Accessories,Europe,Online,CUST-0354,3,443.34,1330.03
10683,2026-05-20,4K Monitor,Electronics,North America,Retail,CUST-0232,2,1155.33,2310.67
10684,2026-02-22,Smartphone,Electronics,LATAM,Online,CUST-0262,5,78.69,393.43
10685,2026-05-20,Smartwatch,Wearables,North America,Retail,CUST-0199,3,790.83,2372.48
10686,2026-04-03,Tablet,Electronics,North America,Online,CUST-0381,3,383.54,1150.62
10687,2026-03-13,Mechanical Keyboard,Accessories,LATAM,Online,CUST-0325,5,382.19,1910.95
10688,2026-05-10,Smartwatch,Wearables,Europe,Partner,CUST-0100,3,802.84,2408.52
10689,2026-03-18,Standing Desk,Furniture,North America,Online,CUST-0089,2,172.93,345.85
10690,2026-05-14,Ergonomic Chair,Furniture,LATAM,Retail,CUST-0285,1,614.01,614.01
10691,2026-03-14,USB-C Hub,Accessories,APAC,Online,CUST-0170,2,432.55,865.1
10692,2026-04-09,Smartwatch,Wearables,APAC,Partner,CUST-0027,2,664.66,1329.31
10693,2026-05-19,Tablet,Electronics,APAC,Retail,CUST-0294,5,372.76,1863.8
10694,2026-04-20,Webcam HD,Accessories,APAC,Partner,CUST-0113,1,1071.9,1071.9
10695,2026-03-04,Ergonomic Chair,Furniture,Europe,Retail,CUST-0279,1,680.51,680.51
10696,2026-04-18,Noise-Cancel Headphones,Audio,Europe,Partner,CUST-0170,1,1257.46,1257.46
10697,2026-03-23,Webcam HD,Accessories,LATAM,Partner,CUST-0386,3,927.0,2781.0
10698,2026-05-03,Laptop Pro,Electronics,LATAM,Online,CUST-0329,1,986.68,986.68
10699,2026-04-28,Smartphone,Electronics,APAC,Retail,CUST-0059,2,80.42,160.84
10700,2026-03-30,4K Monitor,Electronics,North America,Partner,CUST-0395,5,1147.09,5735.47
10701,2026-03-28,Ergonomic Chair,Furniture,North America,Retail,CUST-0334,5,625.12,3125.62
10702,2026-03-05,Webcam HD,Accessories,North America,Online,CUST-0396,5,892.13,4460.67
10703,2026-04-18,Ergonomic Chair,Furniture,Europe,Partner,CUST-0323,1,654.61,654.61
10704,2026-05-19,Mechanical Keyboard,Accessories,Europe,Partner,CUST-0360,4,379.22,1516.88
10705,2026-06-01,Smartwatch,Wearables,North America,Partner,CUST-0352,4,781.87,3127.47
10706,2026-02-28,Laptop Pro,Electronics,North America,Online,CUST-0038,4,998.3,3993.2
10707,2026-02-15,USB-C Hub,Accessories,Europe,Retail,CUST-0209,3,429.74,1289.22
10708,2026-03-30,Standing Desk,Furniture,North America,Retail,CUST-0345,4,151.21,604.85
10709,2026-02-24,Ergonomic Chair,Furniture,North America,Partner,CUST-0300,1,656.96,656.96
10710,2026-02-14,Smartwatch,Wearables,North America,Retail,CUST-0352,1,726.05,726.05
10711,2026-03-19,Smartphone,Electronics,LATAM,Retail,CUST-0203,1,67.92,67.92
10712,2026-05-25,Tablet,Electronics,Europe,Online,CUST-0383,1,,340.33
10713,2026-03-31,Ergonomic Chair,Furniture,Europe,Retail,CUST-0347,3,708.77,2126.32
10714,2026-06-02,Smartwatch,Wearables,North America,Partner,CUST-0285,3,841.92,2525.77
10715,2026-02-27,Wireless Mouse,Accessories,LATAM,Partner,CUST-0281,1,56.84,56.84
10716,2026-02-19,4K Monitor,Electronics,APAC,Online,CUST-0212,2,1153.86,2307.72
10717,2026-06-04,Tablet,Electronics,Europe,Online,CUST-0316,5,311.2,1556.02
10718,2026-05-26,4K Monitor,Electronics,North America,Partner,CUST-0237,2,977.6,1955.2
10719,2026-05-02,Ergonomic Chair,Furniture,North America,Retail,CUST-0051,1,599.94,599.94
10720,2026-03-06,Smartwatch,Wearables,APAC,Retail,CUST-0066,5,751.07,3755.37
10721,2026-05-05,Tablet,Electronics,North America,Online,CUST-0163,2,307.48,614.96
10722,2026-04-12,Standing Desk,Furniture,,Partner,CUST-0300,3,158.44,475.33
10723,2026-02-28,Smartphone,Electronics,APAC,Retail,CUST-0087,5,69.45,347.27
10724,2026-02-09,Webcam HD,Accessories,LATAM,Retail,CUST-0185,2,1072.31,2144.63
10725,2026-02-26,Tablet,Electronics,LATAM,Retail,CUST-0184,3,375.81,1127.44
10726,2026-05-19,4K Monitor,Electronics,Europe,Partner,CUST-0311,4,1099.17,4396.67
10727,2026-02-19,4K Monitor,Electronics,Europe,Retail,CUST-0376,2,1193.63,2387.27
10728,2026-06-02,Tablet,Electronics,North America,Partner,CUST-0324,1,362.59,362.59
10729,2026-02-12,Smartphone,Electronics,,Online,CUST-0283,5,70.2,351.02
10730,2026-03-14,Ergonomic Chair,Furniture,Europe,Retail,CUST-0201,5,629.44,3147.2
10731,2026-03-09,Smartphone,Electronics,North America,Retail,CUST-0187,3,65.2,195.6
10732,2026-04-14,Laptop Pro,Electronics,Europe,Partner,CUST-0072,2,1030.09,2060.19
10733,2026-04-07,USB-C Hub,Accessories,Europe,Partner,CUST-0375,2,430.64,861.27
10734,2026-04-11,Webcam HD,Accessories,LATAM,Online,CUST-0033,1,927.1,927.1
10735,2026-03-14,Webcam HD,Accessories,Europe,Partner,CUST-0185,2,882.0,1764.01
10736,2026-03-30,Standing Desk,Furniture,North America,Partner,CUST-0166,4,168.91,675.63
10737,2026-02-22,Smartwatch,Wearables,APAC,Partner,CUST-0135,5,779.36,3896.78
10738,2026-04-24,Ergonomic Chair,Furniture,LATAM,Retail,CUST-0301,5,580.96,2904.78
10739,2026-05-03,Wireless Mouse,Accessories,Europe,Partner,CUST-0208,5,60.95,304.77
10740,2026-03-26,Webcam HD,Accessories,North America,Partner,CUST-0072,4,1074.11,4296.43
10741,2026-04-06,USB-C Hub,Accessories,APAC,Online,CUST-0077,2,,755.03
10742,2026-03-04,USB-C Hub,Accessories,North America,Partner,CUST-0118,3,434.51,1303.53
10743,2026-04-03,Webcam HD,Accessories,LATAM,Retail,CUST-0108,1,994.4,994.4
10744,2026-04-25,USB-C Hub,Accessories,North America,Online,CUST-0294,4,371.58,1486.33
10745,2026-04-25,USB-C Hub,Accessories,North America,Partner,CUST-0076,2,437.5,874.99
10746,2026-02-16,USB-C Hub,Accessories,LATAM,Partner,CUST-0289,3,469.3,1407.9
10747,2026-05-01,Laptop Pro,Electronics,Europe,Retail,CUST-0311,3,1054.17,3162.5
10748,2026-04-10,Standing Desk,Furniture,LATAM,Partner,CUST-0074,2,142.78,285.57
10749,2026-05-21,Smartphone,Electronics,APAC,Online,CUST-0371,2,74.23,148.46
10750,2026-05-07,Webcam HD,Accessories,North America,Online,CUST-0194,4,1023.86,4095.45
10751,2026-03-30,USB-C Hub,Accessories,LATAM,Online,CUST-0311,1,370.94,370.94
10752,2026-02-21,USB-C Hub,Accessories,North America,Partner,CUST-0258,4,467.04,1868.15
10753,2026-05-16,Wireless Mouse,Accessories,Europe,Partner,CUST-0277,1,64.8,64.8
10754,2026-05-25,Laptop Pro,Electronics,APAC,Online,CUST-0358,4,951.06,3804.23
10755,2026-04-17,Noise-Cancel Headphones,Audio,LATAM,Retail,CUST-0180,2,1455.0,2910.0
10756,2026-04-25,Smartwatch,Wearables,Europe,Retail,CUST-0245,5,675.82,3379.1
10757,2026-05-18,Mechanical Keyboard,Accessories,LATAM,Retail,CUST-0097,1,329.76,329.76
10758,2026-02-09,Smartwatch,Wearables,North America,Partner,CUST-0004,1,768.62,768.62
10759,2026-03-29,Tablet,Electronics,APAC,Retail,CUST-0186,2,359.11,718.22
10760,2026-02-22,USB-C Hub,Accessories,APAC,Retail,CUST-0275,4,439.89,1759.56
10761,2026-04-04,Smartphone,Electronics,LATAM,Online,CUST-0212,3,74.02,222.06
10762,2026-04-20,Ergonomic Chair,Furniture,LATAM,Retail,CUST-0158,4,581.75,2326.99
10763,2026-04-23,Webcam HD,Accessories,North America,Partner,CUST-0118,4,1059.54,4238.14
10764,2026-04-07,Smartwatch,Wearables,LATAM,Retail,CUST-0282,2,676.32,1352.63
10765,2026-04-28,Smartwatch,Wearables,North America,Online,CUST-0075,1,688.0,688.0
10766,2026-04-10,Smartphone,Electronics,APAC,Online,CUST-0190,4,64.36,257.42
10767,2026-02-19,Smartphone,Electronics,LATAM,Partner,CUST-0336,1,76.1,76.1
10768,2026-04-16,4K Monitor,Electronics,Europe,Partner,CUST-0254,5,961.7,4808.51
10769,2026-04-06,Laptop Pro,Electronics,APAC,Online,CUST-0018,2,1030.72,2061.44
10770,2026-05-20,Smartphone,Electronics,Europe,Partner,CUST-0087,5,72.25,361.23
10771,2026-05-06,Laptop Pro,Electronics,North America,Online,CUST-0045,3,882.48,2647.45
10772,2026-03-16,Noise-Cancel Headphones,Audio,LATAM,Partner,CUST-0103,3,1364.86,4094.59
10773,2026-04-16,Laptop Pro,Electronics,APAC,Partner,CUST-0287,1,1047.36,1047.36
10774,2026-06-06,Smartphone,Electronics,APAC,Online,CUST-0311,3,69.14,207.42
10775,2026-03-05,Standing Desk,Furniture,APAC,Online,CUST-0209,4,156.81,627.24
10776,2026-04-14,Wireless Mouse,Accessories,APAC,Retail,CUST-0060,5,57.96,289.81
10777,2026-05-22,Ergonomic Chair,Furniture,APAC,Partner,CUST-0227,3,695.11,2085.34
10778,2026-03-29,Smartphone,Electronics,APAC,Retail,CUST-0349,4,76.94,307.74
10779,2026-04-08,Smartphone,Electronics,APAC,Online,CUST-0196,1,71.62,71.62
10780,2026-05-01,Mechanical Keyboard,Accessories,LATAM,Retail,CUST-0265,2,376.04,752.08
10781,2026-04-18,Laptop Pro,Electronics,North America,Retail,CUST-0345,3,884.67,2654.0
10782,2026-05-15,Webcam HD,Accessories,Europe,Retail,CUST-0161,1,1013.11,1013.11
10783,2026-03-26,Mechanical Keyboard,Accessories,Europe,Retail,CUST-0378,5,328.49,1642.46
10784,2026-03-06,Mechanical Keyboard,Accessories,Europe,Online,CUST-0104,2,382.54,765.08
10785,2026-05-26,Mechanical Keyboard,Accessories,North America,Online,CUST-0041,5,336.28,1681.39
10786,2026-05-06,Tablet,Electronics,North America,Retail,CUST-0191,4,352.61,1410.46
10787,2026-04-29,Webcam HD,Accessories,APAC,Retail,CUST-0094,4,1101.12,4404.5
10788,2026-05-17,Ergonomic Chair,Furniture,Europe,Online,CUST-0270,3,617.37,1852.12
10789,2026-05-22,Noise-Cancel Headphones,Audio,North America,Partner,CUST-0178,4,1455.41,5821.65
10790,2026-03-31,Tablet,Electronics,North America,Partner,CUST-0266,2,338.85,677.71
10791,2026-04-08,Webcam HD,Accessories,Europe,Retail,CUST-0298,1,874.07,874.07
10792,2026-02-21,Webcam HD,Accessories,APAC,Online,CUST-0281,3,1028.02,3084.07
10793,2026-03-14,Mechanical Keyboard,Accessories,APAC,Retail,CUST-0095,3,346.6,1039.8
10794,2026-04-13,Noise-Cancel Headphones,Audio,APAC,Retail,CUST-0206,2,1280.83,2561.66
10795,2026-03-16,Standing Desk,Furniture,Europe,Online,CUST-0370,2,156.67,313.34
10796,2026-03-15,Mechanical Keyboard,Accessories,LATAM,Online,CUST-0075,5,343.1,1715.49
10797,2026-05-22,Smartwatch,Wearables,North America,Online,CUST-0216,2,748.33,1496.66
10798,2026-04-13,USB-C Hub,Accessories,APAC,Retail,CUST-0154,5,427.12,2135.61
10799,2026-03-13,Ergonomic Chair,Furniture,North America,Partner,CUST-0084,5,560.45,2802.26
10800,2026-02-16,Mechanical Keyboard,Accessories,North America,Retail,CUST-0382,3,347.07,1041.2
10801,2026-03-23,4K Monitor,Electronics,APAC,Retail,CUST-0011,3,1045.94,3137.82
10802,2026-04-02,Wireless Mouse,Accessories,Europe,Partner,CUST-0295,3,71.23,213.7
10803,2026-05-03,Tablet,Electronics,APAC,Retail,CUST-0167,5,314.02,1570.12
10804,2026-05-06,Ergonomic Chair,Furniture,LATAM,Online,CUST-0196,4,678.64,2714.54
10805,2026-04-28,4K Monitor,Electronics,Europe,Online,CUST-0328,4,1121.43,4485.72
10806,2026-05-23,Webcam HD,Accessories,LATAM,Online,CUST-0041,4,1032.76,4131.05
10807,2026-03-01,Webcam HD,Accessories,APAC,Partner,CUST-0137,2,951.35,1902.7
10808,2026-04-27,Tablet,Electronics,LATAM,Retail,CUST-0383,4,322.52,1290.08
10809,2026-04-25,Ergonomic Chair,Furniture,Europe,Online,CUST-0065,4,619.99,2479.97
10810,2026-05-13,Mechanical Keyboard,Accessories,North America,Online,CUST-0086,3,388.6,1165.8
10811,2026-03-31,Wireless Mouse,Accessories,LATAM,Partner,CUST-0028,1,57.82,57.82
10812,2026-02-12,Noise-Cancel Headphones,Audio,North America,Online,CUST-0135,5,1396.84,6984.18
10813,2026-04-29,USB-C Hub,Accessories,LATAM,Retail,CUST-0118,1,440.24,440.24
10814,2026-03-12,Smartwatch,Wearables,Europe,Online,CUST-0270,3,742.57,2227.7
10815,2026-05-27,USB-C Hub,Accessories,APAC,Retail,CUST-0244,1,372.96,372.96
10816,2026-04-09,Ergonomic Chair,Furniture,Europe,Partner,CUST-0277,3,641.87,1925.6
10817,2026-03-03,Smartphone,Electronics,LATAM,Partner,CUST-0328,5,71.15,355.77
10818,2026-05-01,Ergonomic Chair,Furniture,LATAM,Partner,CUST-0117,3,700.45,2101.34
10819,2026-05-23,Wireless Mouse,Accessories,LATAM,Retail,CUST-0080,4,61.89,247.57
10820,2026-03-19,Laptop Pro,Electronics,Europe,Retail,CUST-0147,1,951.36,951.36
10821,2026-04-10,Ergonomic Chair,Furniture,LATAM,Retail,CUST-0154,1,664.5,664.5
10822,2026-02-10,Noise-Cancel Headphones,Audio,North America,Partner,CUST-0192,3,1340.5,4021.49
10823,2026-03-05,Noise-Cancel Headphones,Audio,Europe,Online,CUST-0367,5,1286.87,6434.35
10824,2026-05-14,Tablet,Electronics,Europe,Retail,CUST-0041,4,371.47,1485.87
10825,2026-04-04,Tablet,Electronics,APAC,Retail,CUST-0333,2,344.07,688.15
10826,2026-05-15,Ergonomic Chair,Furniture,North America,Online,CUST-0070,3,619.82,1859.45
10827,2026-03-18,Wireless Mouse,Accessories,APAC,Partner,CUST-0319,4,67.07,268.26
10828,2026-04-12,Mechanical Keyboard,Accessories,North America,Partner,CUST-0012,3,306.14,918.42
10829,2026-03-04,Wireless Mouse,Accessories,LATAM,Partner,CUST-0005,3,61.25,183.74
10830,2026-03-10,Wireless Mouse,Accessories,Europe,Retail,CUST-0216,2,57.0,114.0
10831,2026-03-20,Standing Desk,Furniture,North America,Retail,CUST-0042,3,152.42,457.27
10832,2026-05-27,USB-C Hub,Accessories,LATAM,Online,CUST-0279,1,398.08,398.08
10833,2026-04-10,USB-C Hub,Accessories,APAC,Retail,CUST-0007,2,466.39,932.79
10834,2026-02-24,Smartwatch,Wearables,LATAM,Online,CUST-0378,2,731.29,1462.58
10835,2026-02-13,Mechanical Keyboard,Accessories,North America,Partner,CUST-0341,4,370.24,1480.94
10836,2026-03-07,Standing Desk,Furniture,APAC,Retail,CUST-0082,4,161.01,644.05
10837,2026-04-30,Smartwatch,Wearables,North America,Retail,CUST-0247,1,800.83,800.83
10838,2026-05-01,4K Monitor,Electronics,North America,Partner,CUST-0112,2,1045.97,2091.94
10839,2026-02-23,Mechanical Keyboard,Accessories,Europe,Retail,CUST-0300,4,333.46,1333.82
10840,2026-02-24,Noise-Cancel Headphones,Audio,North America,Partner,CUST-0354,2,1143.27,2286.54
10841,2026-04-10,Smartwatch,Wearables,North America,Online,CUST-0081,5,686.89,3434.43
10842,2026-04-13,Wireless Mouse,Accessories,North America,Online,CUST-0183,5,62.4,312.02
10843,2026-05-02,USB-C Hub,Accessories,Europe,Retail,CUST-0120,5,455.08,2275.39
10844,2026-03-21,Ergonomic Chair,Furniture,LATAM,Partner,CUST-0099,3,683.64,2050.92
10845,2026-02-11,Smartwatch,Wearables,Europe,Retail,CUST-0021,4,726.14,2904.57
10846,2026-04-12,Smartwatch,Wearables,LATAM,Online,CUST-0291,4,764.95,3059.81
10847,2026-03-04,Ergonomic Chair,Furniture,LATAM,Retail,CUST-0307,3,605.31,1815.94
10848,2026-06-06,Ergonomic Chair,Furniture,Europe,Retail,CUST-0152,2,563.89,1127.78
10849,2026-05-24,4K Monitor,Electronics,North America,Partner,CUST-0260,5,1047.83,5239.16
10850,2026-03-29,Smartwatch,Wearables,APAC,Partner,CUST-0123,2,827.54,1655.07
10851,2026-03-22,Smartwatch,Wearables,LATAM,Online,CUST-0269,1,784.13,784.13
10852,2026-05-07,Standing Desk,Furniture,APAC,Retail,CUST-0210,5,140.21,701.05
10853,2026-05-02,Webcam HD,Accessories,North America,Online,CUST-0067,1,895.7,895.7
10854,2026-03-03,Laptop Pro,Electronics,Europe,Online,CUST-0017,2,850.43,1700.85
10855,2026-04-23,Tablet,Electronics,APAC,Online,CUST-0188,4,356.49,1425.95
10856,2026-03-09,Smartphone,Electronics,Europe,Partner,CUST-0252,1,62.97,62.97
10857,2026-06-07,Wireless Mouse,Accessories,North America,Retail,CUST-0286,4,70.13,280.5
10858,2026-05-15,Noise-Cancel Headphones,Audio,North America,Partner,CUST-0137,3,1406.65,4219.94
10859,2026-04-17,Laptop Pro,Electronics,North America,Online,CUST-0266,1,1026.81,1026.81
10860,2026-02-21,Wireless Mouse,Accessories,Europe,Online,CUST-0270,2,65.63,131.26
10861,2026-05-04,Mechanical Keyboard,Accessories,Europe,Partner,CUST-0384,5,,1801.94
10862,2026-04-21,Noise-Cancel Headphones,Audio,APAC,Partner,CUST-0235,1,1397.27,1397.27
10863,2026-05-09,Tablet,Electronics,Europe,Online,CUST-0282,4,376.25,1504.98
10864,2026-04-01,Ergonomic Chair,Furniture,LATAM,Retail,CUST-0162,3,,1978.75
10865,2026-04-20,Webcam HD,Accessories,LATAM,Partner,CUST-0166,3,976.67,2930.02
10866,2026-04-27,Mechanical Keyboard,Accessories,LATAM,Partner,CUST-0382,5,353.25,1766.26
10867,2026-03-13,Webcam HD,Accessories,LATAM,Online,CUST-0372,4,985.68,3942.73
10868,2026-02-13,4K Monitor,Electronics,Europe,Retail,CUST-0004,5,950.25,4751.27
10869,2026-03-19,Mechanical Keyboard,Accessories,North America,Partner,CUST-0142,2,381.01,762.03
10870,2026-06-06,Ergonomic Chair,Furniture,Europe,Online,CUST-0020,5,643.13,3215.65
10871,2026-04-08,Webcam HD,Accessories,APAC,Partner,CUST-0128,2,906.5,1812.99
10872,2026-03-10,4K Monitor,Electronics,LATAM,Partner,CUST-0112,3,971.28,2913.85
10873,2026-05-13,Wireless Mouse,Accessories,Europe,Retail,CUST-0354,3,69.99,209.97
10874,2026-05-09,Smartphone,Electronics,APAC,Online,CUST-0375,1,73.71,73.71
10875,2026-05-23,Smartphone,Electronics,North America,Retail,CUST-0179,4,64.18,256.71
10876,2026-06-01,Noise-Cancel Headphones,Audio,North America,Online,CUST-0383,4,1452.26,5809.03
10877,2026-05-03,Smartphone,Electronics,LATAM,Online,CUST-0157,1,74.43,74.43
10878,2026-04-17,Laptop Pro,Electronics,Europe,Retail,CUST-0258,3,955.39,2866.18
10879,2026-05-09,Mechanical Keyboard,Accessories,LATAM,Retail,CUST-0386,2,308.93,617.85
10880,2026-04-26,Smartphone,Electronics,LATAM,Retail,CUST-0202,5,64.39,321.96
10881,2026-02-27,USB-C Hub,Accessories,North America,Partner,CUST-0205,3,378.11,1134.33
10882,2026-03-14,Wireless Mouse,Accessories,Europe,Online,CUST-0247,4,65.13,260.52
10883,2026-04-21,Mechanical Keyboard,Accessories,Europe,Partner,CUST-0316,4,339.79,1359.18
10884,2026-05-14,Ergonomic Chair,Furniture,APAC,Retail,CUST-0166,2,592.09,1184.17
10885,2026-05-07,Smartphone,Electronics,LATAM,Retail,CUST-0188,1,64.81,64.81
10886,2026-03-25,Mechanical Keyboard,Accessories,North America,Retail,CUST-0087,3,335.25,1005.74
10887,2026-03-25,Smartphone,Electronics,,Online,CUST-0120,4,74.23,296.91
10888,2026-03-06,Tablet,Electronics,North America,Online,CUST-0379,3,,937.18
10889,2026-02-15,Mechanical Keyboard,Accessories,APAC,Online,CUST-0176,5,387.37,1936.86
10890,2026-05-08,Wireless Mouse,Accessories,North America,Retail,CUST-0108,3,64.27,192.8
10891,2026-05-14,Ergonomic Chair,Furniture,APAC,Partner,CUST-0248,2,585.82,1171.65
10892,2026-04-29,Smartwatch,Wearables,North America,Retail,CUST-0299,2,791.24,1582.48
10893,2026-06-04,Tablet,Electronics,Europe,Online,CUST-0146,5,302.51,1512.55
10894,2026-03-06,Smartwatch,Wearables,LATAM,Partner,CUST-0005,5,709.36,3546.78
10895,2026-02-17,Noise-Cancel Headphones,Audio,APAC,Online,CUST-0010,3,1362.62,4087.87
10896,2026-03-18,Tablet,Electronics,LATAM,Partner,CUST-0364,4,319.0,1275.99
10897,2026-02-21,Webcam HD,Accessories,North America,Online,CUST-0102,4,1093.09,4372.38
10898,2026-04-14,Standing Desk,Furniture,North America,Online,CUST-0127,5,170.67,853.37
10899,2026-06-07,Ergonomic Chair,Furniture,LATAM,Partner,CUST-0081,3,606.92,1820.76
10900,2026-02-11,Webcam HD,Accessories,APAC,Online,CUST-0257,3,962.08,2886.24
10901,2026-03-16,Laptop Pro,Electronics,North America,Partner,CUST-0144,3,1037.54,3112.61
10902,2026-03-09,USB-C Hub,Accessories,Europe,Online,CUST-0374,3,466.56,1399.67
10903,2026-03-29,Ergonomic Chair,Furniture,Europe,Retail,CUST-0124,5,694.56,3472.8
10904,2026-04-23,USB-C Hub,Accessories,APAC,Retail,CUST-0278,4,474.52,1898.08
10905,2026-02-25,Mechanical Keyboard,Accessories,Europe,Online,CUST-0159,2,356.42,712.84
10906,2026-05-08,Smartwatch,Wearables,LATAM,Online,CUST-0336,5,832.68,4163.41
10907,2026-06-08,Smartphone,Electronics,North America,Online,CUST-0163,2,68.59,137.18
10908,2026-05-27,USB-C Hub,Accessories,LATAM,Retail,CUST-0156,1,452.25,452.25
10909,2026-04-06,Smartwatch,Wearables,Europe,Online,CUST-0068,3,686.3,2058.9
10910,2026-03-04,Laptop Pro,Electronics,Europe,Partner,CUST-0119,5,974.07,4870.35
10911,2026-03-10,Tablet,Electronics,LATAM,Online,CUST-0258,1,330.25,330.25
10912,2026-05-28,Smartphone,Electronics,APAC,Online,CUST-0199,4,75.87,303.47
10913,2026-04-12,Standing Desk,Furniture,Europe,Online,CUST-0210,2,140.59,281.18
10914,2026-05-17,Laptop Pro,Electronics,Europe,Partner,CUST-0344,3,1054.88,3164.64
10915,2026-03-06,Mechanical Keyboard,Accessories,LATAM,Partner,CUST-0251,1,320.26,320.26
10916,2026-05-08,Webcam HD,Accessories,LATAM,Retail,CUST-0398,4,1098.43,4393.7
10917,2026-02-14,Smartphone,Electronics,LATAM,Partner,CUST-0381,4,76.02,304.07
10918,2026-04-23,Smartphone,Electronics,North America,Partner,CUST-0056,5,72.42,362.1
10919,2026-04-07,Standing Desk,Furniture,Europe,Partner,CUST-0276,1,168.76,168.76
10920,2026-03-31,Smartwatch,Wearables,North America,Online,CUST-0150,1,764.7,764.7
10921,2026-04-06,Noise-Cancel Headphones,Audio,APAC,Retail,CUST-0086,3,1399.75,4199.24
10922,2026-04-04,4K Monitor,Electronics,Europe,Retail,CUST-0331,5,1201.35,6006.75
10923,2026-04-07,Wireless Mouse,Accessories,Europe,Retail,CUST-0212,5,58.64,293.22
10924,2026-03-22,Standing Desk,Furniture,Europe,Retail,CUST-0047,1,141.19,141.19
10925,2026-03-13,Webcam HD,Accessories,North America,Online,CUST-0059,2,1055.08,2110.15
10926,2026-05-10,Standing Desk,Furniture,LATAM,Partner,CUST-0262,3,137.5,412.49
10927,2026-04-28,USB-C Hub,Accessories,North America,Online,CUST-0172,4,428.9,1715.6
10928,2026-04-22,Tablet,Electronics,Europe,Online,CUST-0394,2,312.93,625.87
10929,2026-05-11,Laptop Pro,Electronics,LATAM,Retail,CUST-0321,4,899.17,3596.67
10930,2026-03-04,Wireless Mouse,Accessories,North America,Partner,CUST-0392,2,72.79,145.57
10931,2026-03-13,Laptop Pro,Electronics,LATAM,Partner,CUST-0003,4,945.14,3780.54
10932,2026-04-27,Standing Desk,Furniture,LATAM,Retail,CUST-0210,2,142.69,285.37
10933,2026-04-06,Wireless Mouse,Accessories,Europe,Partner,CUST-0143,5,66.77,333.86
10934,2026-04-29,Tablet,Electronics,Europe,Online,CUST-0095,5,370.74,1853.69
10935,2026-02-27,Laptop Pro,Electronics,North America,Partner,CUST-0296,3,833.37,2500.11
10936,2026-05-27,Smartphone,Electronics,North America,Online,CUST-0056,3,68.84,206.52
10937,2026-04-03,USB-C Hub,Accessories,Europe,Retail,CUST-0384,2,442.12,884.23
10938,2026-04-24,Webcam HD,Accessories,APAC,Retail,CUST-0189,1,894.9,894.9
10939,2026-06-03,Noise-Cancel Headphones,Audio,North America,Retail,CUST-0242,1,1394.64,1394.64
10940,2026-02-26,Wireless Mouse,Accessories,LATAM,Partner,CUST-0108,3,62.25,186.75
10941,2026-05-09,Mechanical Keyboard,Accessories,North America,Retail,CUST-0371,5,309.61,1548.06
10942,2026-05-08,Smartphone,Electronics,APAC,Retail,CUST-0270,3,70.61,211.83
10943,2026-04-23,Smartphone,Electronics,LATAM,Partner,CUST-0374,3,79.84,239.51
10944,2026-04-30,Standing Desk,Furniture,Europe,Partner,CUST-0149,4,166.0,664.02
10945,2026-03-05,Laptop Pro,Electronics,North America,Partner,CUST-0107,1,830.28,830.28
10946,2026-05-22,Smartphone,Electronics,APAC,Retail,CUST-0287,4,70.37,281.48
10947,2026-05-23,Tablet,Electronics,Europe,Partner,CUST-0145,2,299.68,599.36
10948,2026-03-13,Wireless Mouse,Accessories,APAC,Online,CUST-0059,3,61.77,185.3
10949,2026-05-07,Webcam HD,Accessories,North America,Online,CUST-0100,3,972.5,2917.5
10950,2026-03-23,Webcam HD,Accessories,,Partner,CUST-0070,4,1105.75,4422.99
10951,2026-04-11,USB-C Hub,Accessories,APAC,Retail,CUST-0212,4,466.0,1864.0
10952,2026-06-07,Smartwatch,Wearables,APAC,Partner,CUST-0372,1,818.3,818.3
10953,2026-05-06,Webcam HD,Accessories,Europe,Partner,CUST-0351,5,1008.32,5041.62
10954,2026-03-23,Webcam HD,Accessories,APAC,Online,CUST-0174,1,1119.44,1119.44
10955,2026-03-29,Tablet,Electronics,LATAM,Online,CUST-0305,5,372.7,1863.48
10956,2026-02-23,4K Monitor,Electronics,APAC,Retail,CUST-0045,3,1143.16,3429.49
10957,2026-04-13,Mechanical Keyboard,Accessories,APAC,Online,CUST-0269,3,344.86,1034.58
10958,2026-03-19,USB-C Hub,Accessories,North America,Online,CUST-0048,1,409.78,409.78
10959,2026-04-06,Ergonomic Chair,Furniture,Europe,Online,CUST-0175,1,682.58,682.58
10960,2026-06-07,Standing Desk,Furniture,APAC,Online,CUST-0394,5,146.37,731.87
10961,2026-05-31,Wireless Mouse,Accessories,Europe,Online,CUST-0371,5,68.05,340.25
10962,2026-02-13,Standing Desk,Furniture,North America,Online,CUST-0160,4,162.28,649.14
10963,2026-06-08,Laptop Pro,Electronics,APAC,Retail,CUST-0024,5,1035.89,5179.43
10964,2026-02-22,Ergonomic Chair,Furniture,APAC,Partner,CUST-0108,3,556.35,1669.05
10965,2026-03-22,Mechanical Keyboard,Accessories,APAC,Retail,CUST-0344,2,330.06,660.12
10966,2026-02-24,4K Monitor,Electronics,North America,Online,CUST-0319,2,989.53,1979.05
10967,2026-04-21,Ergonomic Chair,Furniture,APAC,Partner,CUST-0164,1,586.28,586.28
10968,2026-03-15,USB-C Hub,Accessories,Europe,Online,CUST-0160,3,431.48,1294.43
10969,2026-04-28,Webcam HD,Accessories,Europe,Online,CUST-0242,5,984.69,4923.47
10970,2026-06-04,Tablet,Electronics,North America,Online,CUST-0219,1,308.0,308.0
10971,2026-03-31,USB-C Hub,Accessories,LATAM,Partner,CUST-0183,5,465.91,2329.57
10972,2026-03-20,Webcam HD,Accessories,North America,Retail,CUST-0291,2,1053.67,2107.35
10973,2026-02-25,Wireless Mouse,Accessories,APAC,Partner,CUST-0330,4,58.38,233.51
10974,2026-05-10,Standing Desk,Furniture,Europe,Online,CUST-0316,4,143.27,573.08
10975,2026-03-14,Webcam HD,Accessories,APAC,Retail,CUST-0233,4,918.01,3672.04
10976,2026-04-12,Laptop Pro,Electronics,APAC,Retail,CUST-0237,1,939.73,939.73
10977,2026-05-28,USB-C Hub,Accessories,Europe,Partner,CUST-0053,3,452.52,1357.57
10978,2026-04-01,Smartwatch,Wearables,North America,Retail,CUST-0273,1,719.9,719.9
10979,2026-04-09,Noise-Cancel Headphones,Audio,Europe,Partner,CUST-0082,5,1278.93,6394.67
10980,2026-04-11,Noise-Cancel Headphones,Audio,LATAM,Retail,CUST-0291,1,1254.54,1254.54
10981,2026-05-20,Webcam HD,Accessories,Europe,Partner,CUST-0343,5,1048.87,5244.33
10982,2026-02-18,Smartwatch,Wearables,North America,Partner,CUST-0306,5,818.61,4093.07
10983,2026-04-09,Webcam HD,Accessories,LATAM,Online,CUST-0158,5,896.06,4480.28
10984,2026-04-01,Wireless Mouse,Accessories,LATAM,Retail,CUST-0254,5,58.57,292.85
10985,2026-05-02,Tablet,Electronics,Europe,Partner,CUST-0387,1,306.64,306.64
10986,2026-05-01,Laptop Pro,Electronics,LATAM,Partner,CUST-0150,2,984.72,1969.45
10987,2026-03-30,Smartphone,Electronics,Europe,Partner,CUST-0163,5,70.98,354.9
10988,2026-03-19,Smartphone,Electronics,LATAM,Partner,CUST-0177,3,79.68,239.03
10989,2026-02-20,Smartphone,Electronics,LATAM,Online,CUST-0151,1,74.01,74.01
10990,2026-02-16,Webcam HD,Accessories,North America,Partner,CUST-0287,5,1119.0,5595.01
10991,2026-05-25,Webcam HD,Accessories,North America,Online,CUST-0222,1,1091.68,1091.68
10992,2026-05-09,Smartphone,Electronics,LATAM,Retail,CUST-0196,4,74.27,297.06
10993,2026-04-05,Ergonomic Chair,Furniture,LATAM,Online,CUST-0097,2,660.39,1320.78
10994,2026-04-21,Noise-Cancel Headphones,Audio,Europe,Retail,CUST-0344,3,1421.98,4265.93
10995,2026-02-25,USB-C Hub,Accessories,North America,Online,CUST-0370,1,376.94,376.94
10996,2026-06-02,Standing Desk,Furniture,Europe,Online,CUST-0071,4,172.59,690.37
10997,2026-05-02,Noise-Cancel Headphones,Audio,,Partner,CUST-0093,4,1439.96,5759.84
10998,2026-04-08,Ergonomic Chair,Furniture,LATAM,Retail,CUST-0182,4,642.44,2569.74
10999,2026-03-09,USB-C Hub,Accessories,LATAM,Partner,CUST-0122,4,434.79,1739.15
11000,2026-05-11,Ergonomic Chair,Furniture,APAC,Online,CUST-0020,3,619.48,1858.44
11001,2026-04-22,Standing Desk,Furniture,LATAM,Partner,CUST-0041,3,138.59,415.78
11002,2026-02-27,Smartwatch,Wearables,APAC,Retail,CUST-0265,5,846.98,4234.92
11003,2026-02-19,Ergonomic Chair,Furniture,LATAM,Partner,CUST-0380,5,567.07,2835.37
11004,2026-05-04,Tablet,Electronics,APAC,Partner,CUST-0028,1,358.79,358.79
11005,2026-06-04,Webcam HD,Accessories,LATAM,Retail,CUST-0263,5,1070.49,5352.43
11006,2026-06-04,Standing Desk,Furniture,LATAM,Retail,CUST-0151,5,163.08,815.39
11007,2026-03-18,USB-C Hub,Accessories,APAC,Partner,CUST-0289,1,444.61,444.61
11008,2026-03-14,Laptop Pro,Electronics,North America,Partner,CUST-0150,4,964.66,3858.64
11009,2026-05-23,Smartwatch,Wearables,LATAM,Online,CUST-0065,5,662.21,3311.07
11010,2026-04-14,Wireless Mouse,Accessories,APAC,Retail,CUST-0132,3,60.96,182.89
11011,2026-02-10,Smartwatch,Wearables,Europe,Partner,CUST-0229,1,773.61,773.61
11012,2026-03-28,USB-C Hub,Accessories,Europe,Retail,CUST-0093,3,454.11,1362.32
11013,2026-05-22,Ergonomic Chair,Furniture,North America,Online,CUST-0305,1,608.43,608.43
11014,2026-06-08,USB-C Hub,Accessories,LATAM,Retail,CUST-0122,4,450.88,1803.5
11015,2026-05-04,Standing Desk,Furniture,APAC,Online,CUST-0329,2,142.45,284.9
11016,2026-03-14,Wireless Mouse,Accessories,LATAM,Retail,CUST-0155,1,59.55,59.55
11017,2026-04-10,Smartwatch,Wearables,LATAM,Retail,CUST-0135,5,702.09,3510.43
11018,2026-02-27,Ergonomic Chair,Furniture,LATAM,Retail,CUST-0348,4,554.62,2218.5
11019,2026-03-21,Ergonomic Chair,Furniture,APAC,Retail,CUST-0313,1,568.52,568.52
11020,2026-06-06,Tablet,Electronics,APAC,Online,CUST-0131,3,328.12,984.35
11021,2026-05-03,Smartphone,Electronics,Europe,Partner,CUST-0345,4,71.24,284.95
11022,2026-04-25,Mechanical Keyboard,Accessories,Europe,Retail,CUST-0281,5,334.61,1673.05
11023,2026-02-10,Tablet,Electronics,,Retail,CUST-0051,1,371.75,371.75
11024,2026-04-17,Wireless Mouse,Accessories,APAC,Retail,CUST-0099,4,62.62,250.49
11025,2026-02-13,Laptop Pro,Electronics,Europe,Partner,CUST-0327,5,846.76,4233.8
11026,2026-02-24,Smartwatch,Wearables,Europe,Retail,CUST-0337,1,673.63,673.63
11027,2026-05-17,Tablet,Electronics,Europe,Online,CUST-0357,5,369.25,1846.26
11028,2026-03-04,4K Monitor,Electronics,North America,Partner,CUST-0233,3,1075.6,3226.81
11029,2026-06-07,4K Monitor,Electronics,APAC,Retail,CUST-0083,4,1138.26,4553.05
11030,2026-05-19,Wireless Mouse,Accessories,LATAM,Retail,CUST-0171,3,69.73,209.18
11031,2026-02-16,4K Monitor,Electronics,North America,Retail,CUST-0103,3,995.21,2985.63
11032,2026-04-28,Noise-Cancel Headphones,Audio,North America,Online,CUST-0277,2,1356.75,2713.51
11033,2026-05-18,Noise-Cancel Headphones,Audio,North America,Retail,CUST-0367,2,1346.18,2692.37
11034,2026-03-14,Wireless Mouse,Accessories,,Retail,CUST-0010,1,57.97,57.97
11035,2026-06-03,Standing Desk,Furniture,North America,Online,CUST-0341,2,159.89,319.77
11036,2026-03-30,4K Monitor,Electronics,LATAM,Partner,CUST-0002,2,1140.44,2280.88
11037,2026-04-15,Smartwatch,Wearables,LATAM,Partner,CUST-0400,4,749.32,2997.3
11038,2026-05-23,Wireless Mouse,Accessories,LATAM,Partner,CUST-0400,5,60.52,302.62
11039,2026-04-11,Wireless Mouse,Accessories,APAC,Retail,CUST-0350,5,65.69,328.45
11040,2026-03-19,Noise-Cancel Headphones,Audio,North America,Retail,CUST-0274,1,1352.32,1352.32
11041,2026-05-29,Webcam HD,Accessories,APAC,Partner,CUST-0104,1,,1086.54
11042,2026-03-03,Ergonomic Chair,Furniture,Europe,Retail,CUST-0357,1,709.97,709.97
11043,2026-03-30,Wireless Mouse,Accessories,LATAM,Partner,CUST-0098,3,64.88,194.63
11044,2026-02-26,Laptop Pro,Electronics,Europe,Retail,CUST-0200,2,830.62,1661.23
11045,2026-02-17,Ergonomic Chair,Furniture,LATAM,Online,CUST-0019,3,633.92,1901.77
11046,2026-03-24,Laptop Pro,Electronics,North America,Retail,CUST-0061,3,1015.49,3046.48
11047,2026-03-08,Tablet,Electronics,Europe,Partner,CUST-0297,5,338.96,1694.79
11048,2026-03-10,Wireless Mouse,Accessories,LATAM,Partner,CUST-0010,1,69.03,69.03
11049,2026-04-10,Smartphone,Electronics,Europe,Online,CUST-0089,1,67.21,67.21
11050,2026-04-30,Laptop Pro,Electronics,North America,Retail,CUST-0313,3,1023.49,3070.46
11051,2026-03-02,Smartphone,Electronics,North America,Online,CUST-0255,1,77.82,77.82
11052,2026-04-26,Smartphone,Electronics,Europe,Retail,CUST-0173,2,63.89,127.79
11053,2026-05-23,Smartwatch,Wearables,Europe,Retail,CUST-0110,4,719.59,2878.35
11054,2026-05-17,Laptop Pro,Electronics,North America,Online,CUST-0141,5,866.53,4332.63
11055,2026-02-27,Noise-Cancel Headphones,Audio,Europe,Retail,CUST-0125,2,1373.8,2747.59
11056,2026-06-07,Smartphone,Electronics,LATAM,Online,CUST-0009,1,65.19,65.19
11057,2026-06-01,Standing Desk,Furniture,Europe,Online,CUST-0362,1,134.38,134.38
11058,2026-05-03,Smartphone,Electronics,LATAM,Partner,CUST-0065,3,70.41,211.23
11059,2026-03-07,USB-C Hub,Accessories,LATAM,Online,CUST-0090,3,425.94,1277.82
11060,2026-04-28,Smartwatch,Wearables,LATAM,Partner,CUST-0046,1,772.15,772.15
11061,2026-04-30,4K Monitor,Electronics,Europe,Online,CUST-0061,3,1062.2,3186.61
11062,2026-04-17,Wireless Mouse,Accessories,Europe,Retail,CUST-0395,5,62.8,313.98
11063,2026-04-30,Tablet,Electronics,Europe,Online,CUST-0077,2,,645.95
11064,2026-05-07,Standing Desk,Furniture,North America,Online,CUST-0331,4,141.09,564.34
11065,2026-03-27,4K Monitor,Electronics,APAC,Partner,CUST-0389,2,1066.62,2133.25
11066,2026-04-08,Laptop Pro,Electronics,Europe,Online,CUST-0015,1,1004.01,1004.01
11067,2026-04-12,Ergonomic Chair,Furniture,Europe,Partner,CUST-0228,1,564.21,564.21
11068,2026-04-25,Smartphone,Electronics,APAC,Online,CUST-0399,3,70.46,211.39
11069,2026-02-23,Webcam HD,Accessories,LATAM,Online,CUST-0193,2,896.16,1792.32
11070,2026-06-03,Mechanical Keyboard,Accessories,LATAM,Online,CUST-0224,1,346.57,346.57
11071,2026-02-27,Mechanical Keyboard,Accessories,LATAM,Retail,CUST-0070,5,345.14,1725.69
11072,2026-04-08,Smartwatch,Wearables,APAC,Online,CUST-0172,2,779.06,1558.11
11073,2026-02-25,Laptop Pro,Electronics,Europe,Online,CUST-0239,5,838.93,4194.65
11074,2026-04-08,Noise-Cancel Headphones,Audio,Europe,Retail,CUST-0310,2,1395.27,2790.55
11075,2026-03-01,Tablet,Electronics,Europe,Online,CUST-0211,5,378.25,1891.23
11076,2026-05-29,Ergonomic Chair,Furniture,Europe,Partner,CUST-0243,4,692.85,2771.41
11077,2026-05-27,Standing Desk,Furniture,LATAM,Partner,CUST-0127,3,134.7,404.11
11078,2026-03-12,Webcam HD,Accessories,Europe,Partner,CUST-0003,4,1019.49,4077.96
11079,2026-04-03,Laptop Pro,Electronics,North America,Retail,CUST-0272,1,1064.84,1064.84
11080,2026-03-31,Standing Desk,Furniture,Europe,Online,CUST-0286,1,,151.98
11081,2026-05-16,Laptop Pro,Electronics,Europe,Retail,CUST-0152,4,1054.82,4219.26
11082,2026-03-11,Tablet,Electronics,APAC,Online,CUST-0361,1,300.09,300.09
11083,2026-04-08,Smartphone,Electronics,LATAM,Retail,CUST-0396,5,63.18,315.9
11084,2026-02-26,Smartwatch,Wearables,APAC,Partner,CUST-0238,4,692.67,2770.7
11085,2026-05-10,Tablet,Electronics,North America,Retail,CUST-0354,1,,374.27
11086,2026-03-23,Ergonomic Chair,Furniture,APAC,Partner,CUST-0314,1,600.91,600.91
11087,2026-04-19,Smartphone,Electronics,North America,Partner,CUST-0172,2,77.26,154.53
11088,2026-05-14,Laptop Pro,Electronics,APAC,Online,CUST-0057,5,1053.7,5268.49
11089,2026-03-30,Webcam HD,Accessories,APAC,Retail,CUST-0090,4,1029.65,4118.61
11090,2026-05-02,Ergonomic Chair,Furniture,Europe,Online,CUST-0172,1,643.85,643.85
11091,2026-03-11,Ergonomic Chair,Furniture,Europe,Partner,CUST-0390,1,658.2,658.2
11092,2026-03-09,Webcam HD,Accessories,LATAM,Retail,CUST-0028,3,1101.08,3303.23
11093,2026-02-17,Webcam HD,Accessories,North America,Retail,CUST-0364,3,986.94,2960.82
11094,2026-04-18,Tablet,Electronics,LATAM,Partner,CUST-0189,5,377.71,1888.53
11095,2026-05-22,Tablet,Electronics,LATAM,Online,CUST-0042,1,315.24,315.24
11096,2026-03-31,USB-C Hub,Accessories,North America,Online,CUST-0085,3,473.19,1419.56
11097,2026-03-16,Wireless Mouse,Accessories,Europe,Partner,CUST-0322,2,65.04,130.08
11098,2026-02-11,4K Monitor,Electronics,Europe,Retail,CUST-0178,4,1215.41,4861.63
11099,2026-04-03,Standing Desk,Furniture,North America,Online,CUST-0119,1,145.63,145.63
11100,2026-05-26,Ergonomic Chair,Furniture,APAC,Partner,CUST-0331,3,619.62,1858.86
11101,2026-05-20,Webcam HD,Accessories,LATAM,Retail,CUST-0156,4,1023.05,4092.19
11102,2026-04-22,USB-C Hub,Accessories,APAC,Online,CUST-0248,3,387.79,1163.38
11103,2026-03-28,4K Monitor,Electronics,APAC,Retail,CUST-0086,1,986.98,986.98
11104,2026-04-29,USB-C Hub,Accessories,Europe,Partner,CUST-0355,5,400.12,2000.58
11105,2026-06-04,Tablet,Electronics,North America,Online,CUST-0163,2,,625.71
11106,2026-04-23,USB-C Hub,Accessories,Europe,Online,CUST-0288,4,397.42,1589.68
11107,2026-05-10,Laptop Pro,Electronics,Europe,Retail,CUST-0230,3,1061.63,3184.88
11108,2026-04-19,USB-C Hub,Accessories,North America,Retail,CUST-0256,5,401.89,2009.44
11109,2026-05-18,USB-C Hub,Accessories,Europe,Online,CUST-0379,4,469.88,1879.53
11110,2026-04-19,Ergonomic Chair,Furniture,APAC,Retail,CUST-0149,3,657.91,1973.73
11111,2026-05-16,Smartphone,Electronics,LATAM,Retail,CUST-0353,2,77.48,154.96
11112,2026-02-23,Smartwatch,Wearables,Europe,Partner,CUST-0283,4,830.87,3323.48
11113,2026-02-23,4K Monitor,Electronics,Europe,Retail,CUST-0183,1,1057.43,1057.43
11114,2026-02-20,Webcam HD,Accessories,Europe,Partner,CUST-0270,1,1026.84,1026.84
11115,2026-03-09,4K Monitor,Electronics,LATAM,Partner,CUST-0344,2,951.99,1903.98
11116,2026-02-20,Ergonomic Chair,Furniture,APAC,Partner,CUST-0310,4,,2337.22
11117,2026-04-15,Laptop Pro,Electronics,LATAM,Retail,CUST-0198,3,920.87,2762.61
11118,2026-03-28,Laptop Pro,Electronics,APAC,Retail,CUST-0288,3,908.11,2724.32
11119,2026-02-20,Mechanical Keyboard,Accessories,LATAM,Retail,CUST-0148,4,370.79,1483.16
11120,2026-03-01,Smartwatch,Wearables,LATAM,Online,CUST-0301,4,797.72,3190.88
11121,2026-04-26,Wireless Mouse,Accessories,LATAM,Partner,CUST-0172,2,60.22,120.45
11122,2026-02-17,Smartphone,Electronics,LATAM,Partner,CUST-0140,4,64.36,257.45
11123,2026-04-03,USB-C Hub,Accessories,,Online,CUST-0096,5,419.32,2096.6
11124,2026-05-26,Noise-Cancel Headphones,Audio,North America,Retail,CUST-0300,3,1326.03,3978.08
11125,2026-03-19,Standing Desk,Furniture,Europe,Online,CUST-0002,5,163.32,816.59
11126,2026-02-28,4K Monitor,Electronics,LATAM,Online,CUST-0335,3,1211.64,3634.92
11127,2026-05-05,4K Monitor,Electronics,Europe,Online,CUST-0062,4,995.61,3982.45
11128,2026-05-17,4K Monitor,Electronics,North America,Partner,CUST-0382,4,,4889.18
11129,2026-03-27,Smartphone,Electronics,APAC,Partner,CUST-0352,4,73.16,292.66
11130,2026-04-10,Smartwatch,Wearables,North America,Retail,CUST-0084,1,729.05,729.05
11131,2026-04-24,Laptop Pro,Electronics,Europe,Retail,CUST-0084,2,901.99,1803.97
11132,2026-02-15,4K Monitor,Electronics,APAC,Online,CUST-0149,3,1062.41,3187.22
11133,2026-03-18,Ergonomic Chair,Furniture,Europe,Online,CUST-0307,1,636.23,636.23
11134,2026-05-16,USB-C Hub,Accessories,APAC,Partner,CUST-0155,5,404.17,2020.86
11135,2026-03-15,Tablet,Electronics,APAC,Online,CUST-0007,3,307.11,921.33
11136,2026-02-26,Ergonomic Chair,Furniture,LATAM,Retail,CUST-0175,3,613.33,1840.0
11137,2026-06-06,USB-C Hub,Accessories,Europe,Online,CUST-0287,1,392.8,392.8
11138,2026-04-28,Smartwatch,Wearables,North America,Retail,CUST-0236,5,820.41,4102.07
11139,2026-06-06,Wireless Mouse,Accessories,North America,Retail,CUST-0179,1,70.42,70.42
11140,2026-03-20,Smartwatch,Wearables,LATAM,Partner,CUST-0268,3,683.8,2051.4
11141,2026-05-17,Webcam HD,Accessories,North America,Partner,CUST-0061,2,1052.9,2105.81
11142,2026-03-09,USB-C Hub,Accessories,APAC,Online,CUST-0108,2,443.85,887.7
11143,2026-02-25,Wireless Mouse,Accessories,North America,Online,CUST-0010,4,68.29,273.14
11144,2026-05-19,Standing Desk,Furniture,North America,Online,CUST-0338,4,135.81,543.23
11145,2026-04-15,Smartphone,Electronics,APAC,Online,CUST-0034,1,71.38,71.38
11146,2026-03-19,Tablet,Electronics,North America,Partner,CUST-0106,1,364.98,364.98
11147,2026-04-25,Mechanical Keyboard,Accessories,North America,Online,CUST-0075,2,364.44,728.88
11148,2026-05-28,Smartwatch,Wearables,APAC,Retail,CUST-0083,3,840.26,2520.79
11149,2026-05-29,Ergonomic Chair,Furniture,North America,Online,CUST-0297,5,592.01,2960.03
11150,2026-05-17,Laptop Pro,Electronics,Europe,Retail,CUST-0088,5,877.09,4385.43
11151,2026-06-04,Ergonomic Chair,Furniture,North America,Online,CUST-0259,1,710.96,710.96
11152,2026-05-28,Smartwatch,Wearables,Europe,Retail,CUST-0345,4,727.75,2910.99
11153,2026-02-22,USB-C Hub,Accessories,LATAM,Online,CUST-0264,3,475.69,1427.07
11154,2026-03-10,Noise-Cancel Headphones,Audio,APAC,Online,CUST-0239,1,1395.63,1395.63
11155,2026-02-23,Ergonomic Chair,Furniture,APAC,Partner,CUST-0148,2,633.29,1266.59
11156,2026-04-21,Smartwatch,Wearables,LATAM,Online,CUST-0198,1,672.83,672.83
11157,2026-03-17,Standing Desk,Furniture,LATAM,Online,CUST-0284,5,163.17,815.86
11158,2026-04-02,4K Monitor,Electronics,North America,Retail,CUST-0348,4,998.23,3992.92
11159,2026-03-28,USB-C Hub,Accessories,LATAM,Partner,CUST-0054,1,477.58,477.58
11160,2026-03-31,Standing Desk,Furniture,North America,Online,CUST-0074,5,160.11,800.55
11161,2026-03-31,Noise-Cancel Headphones,Audio,Europe,Online,CUST-0187,5,1468.13,7340.64
11162,2026-03-06,Webcam HD,Accessories,LATAM,Online,CUST-0120,2,1023.46,2046.92
11163,2026-05-27,Noise-Cancel Headphones,Audio,APAC,Partner,CUST-0205,4,1233.68,4934.73
11164,2026-03-26,Standing Desk,Furniture,LATAM,Partner,CUST-0143,5,171.61,858.06
11165,2026-02-27,Standing Desk,Furniture,LATAM,Retail,CUST-0119,1,138.95,138.95
11166,2026-04-30,USB-C Hub,Accessories,North America,Online,CUST-0256,1,379.96,379.96
11167,2026-05-06,Laptop Pro,Electronics,APAC,Online,CUST-0156,2,917.25,1834.5
11168,2026-04-29,Smartphone,Electronics,LATAM,Retail,CUST-0104,1,76.76,76.76
11169,2026-03-18,Tablet,Electronics,APAC,Partner,CUST-0176,4,341.76,1367.03
11170,2026-05-23,Ergonomic Chair,Furniture,North America,Retail,CUST-0061,5,555.57,2777.84
11171,2026-03-30,Standing Desk,Furniture,LATAM,Retail,CUST-0019,3,167.78,503.33
11172,2026-02-13,USB-C Hub,Accessories,APAC,Partner,CUST-0085,5,440.74,2203.7
11173,2026-04-12,Noise-Cancel Headphones,Audio,LATAM,Retail,CUST-0392,2,1245.07,2490.13
11174,2026-02-23,Smartphone,Electronics,LATAM,Retail,CUST-0288,4,74.91,299.63
11175,2026-05-29,USB-C Hub,Accessories,APAC,Retail,CUST-0303,5,375.2,1875.99
11176,2026-03-29,Smartphone,Electronics,APAC,Retail,CUST-0032,3,76.87,230.61
11177,2026-02-12,Smartphone,Electronics,APAC,Retail,CUST-0380,1,65.1,65.1
11178,2026-04-24,Laptop Pro,Electronics,LATAM,Retail,CUST-0183,3,916.75,2750.25
11179,2026-04-02,Webcam HD,Accessories,Europe,Online,CUST-0332,1,1040.44,1040.44
11180,2026-03-20,Smartphone,Electronics,North America,Retail,CUST-0059,1,79.53,79.53
11181,2026-03-24,USB-C Hub,Accessories,North America,Retail,CUST-0337,1,427.6,427.6
11182,2026-05-30,Noise-Cancel Headphones,Audio,LATAM,Retail,CUST-0011,5,1312.91,6564.56
11183,2026-05-09,Standing Desk,Furniture,APAC,Retail,CUST-0293,5,135.01,675.04
11184,2026-03-30,Webcam HD,Accessories,LATAM,Online,CUST-0354,5,896.07,4480.37
11185,2026-05-06,Mechanical Keyboard,Accessories,APAC,Online,CUST-0315,3,348.87,1046.62
11186,2026-03-19,Webcam HD,Accessories,North America,Partner,CUST-0110,4,922.73,3690.9
11187,2026-03-17,4K Monitor,Electronics,LATAM,Online,CUST-0320,1,1028.42,1028.42
11188,2026-05-15,Wireless Mouse,Accessories,APAC,Retail,CUST-0035,5,58.34,291.68
11189,2026-04-22,Ergonomic Chair,Furniture,APAC,Online,CUST-0334,4,622.12,2488.5
11190,2026-05-25,4K Monitor,Electronics,LATAM,Partner,CUST-0277,5,,5846.94
11191,2026-03-21,Mechanical Keyboard,Accessories,LATAM,Partner,CUST-0391,4,340.42,1361.68
11192,2026-04-20,USB-C Hub,Accessories,Europe,Partner,CUST-0256,1,437.31,437.31
11193,2026-03-08,Tablet,Electronics,LATAM,Partner,CUST-0373,4,322.23,1288.91
11194,2026-04-30,Laptop Pro,Electronics,LATAM,Online,CUST-0124,5,873.12,4365.61
11195,2026-02-28,Smartwatch,Wearables,LATAM,Retail,CUST-0033,3,820.04,2460.12
11196,2026-05-01,Mechanical Keyboard,Accessories,APAC,Partner,CUST-0083,4,328.3,1313.2
11197,2026-03-13,Tablet,Electronics,Europe,Online,CUST-0077,5,319.43,1597.17
11198,2026-03-05,Laptop Pro,Electronics,APAC,Retail,CUST-0249,2,1017.74,2035.48
11199,2026-04-21,Noise-Cancel Headphones,Audio,North America,Online,CUST-0082,4,,5428.95
11200,2026-03-15,USB-C Hub,Accessories,APAC,Partner,CUST-0282,1,397.2,397.2
11201,2026-03-03,Tablet,Electronics,LATAM,Online,CUST-0029,1,383.36,383.36
11202,2026-05-30,Wireless Mouse,Accessories,North America,Retail,CUST-0187,3,66.8,200.39
11203,2026-05-05,Tablet,Electronics,Europe,Online,CUST-0058,1,333.56,333.56
11204,2026-04-23,Smartwatch,Wearables,APAC,Retail,CUST-0047,5,837.2,4185.99
11205,2026-03-11,Smartphone,Electronics,APAC,Retail,CUST-0300,1,77.0,77.0
11206,2026-05-14,Noise-Cancel Headphones,Audio,,Online,CUST-0055,2,1454.02,2908.04
11207,2026-03-03,Mechanical Keyboard,Accessories,APAC,Partner,CUST-0029,3,343.75,1031.24
11208,2026-04-12,Ergonomic Chair,Furniture,North America,Retail,CUST-0280,3,666.42,1999.27
11209,2026-04-04,Standing Desk,Furniture,Europe,Retail,CUST-0244,2,172.13,344.27
11210,2026-05-11,Webcam HD,Accessories,North America,Partner,CUST-0340,3,876.44,2629.31
11211,2026-05-22,Laptop Pro,Electronics,LATAM,Retail,CUST-0328,2,885.81,1771.62
11212,2026-05-09,Webcam HD,Accessories,Europe,Retail,CUST-0199,1,1008.07,1008.07
11213,2026-02-10,Noise-Cancel Headphones,Audio,Europe,Retail,CUST-0108,3,1241.19,3723.56
11214,2026-05-30,USB-C Hub,Accessories,LATAM,Online,CUST-0141,4,437.69,1750.78
11215,2026-05-30,Wireless Mouse,Accessories,LATAM,Retail,CUST-0368,4,64.62,258.47
11216,2026-04-04,Wireless Mouse,Accessories,North America,Retail,CUST-0216,2,68.41,136.83
11217,2026-04-27,Smartwatch,Wearables,LATAM,Partner,CUST-0015,5,799.49,3997.46
11218,2026-05-17,Laptop Pro,Electronics,Europe,Online,CUST-0206,2,977.27,1954.55
11219,2026-03-06,Tablet,Electronics,North America,Online,CUST-0081,3,326.25,978.75
11220,2026-03-12,Ergonomic Chair,Furniture,LATAM,Retail,CUST-0232,2,690.38,1380.75
11221,2026-04-11,Smartwatch,Wearables,APAC,Retail,CUST-0102,2,707.31,1414.61
11222,2026-02-19,Noise-Cancel Headphones,Audio,LATAM,Partner,CUST-0115,3,1201.28,3603.83
11223,2026-02-11,Laptop Pro,Electronics,Europe,Online,CUST-0237,5,981.38,4906.91
11224,2026-03-06,4K Monitor,Electronics,LATAM,Partner,CUST-0134,2,959.57,1919.13
11225,2026-02-28,Wireless Mouse,Accessories,North America,Online,CUST-0368,3,59.59,178.78
11226,2026-04-17,Noise-Cancel Headphones,Audio,LATAM,Online,CUST-0115,4,1417.72,5670.87
11227,2026-05-11,Mechanical Keyboard,Accessories,APAC,Retail,CUST-0383,2,389.1,778.2
11228,2026-04-13,Noise-Cancel Headphones,Audio,Europe,Partner,CUST-0111,2,1284.93,2569.85
11229,2026-05-25,4K Monitor,Electronics,LATAM,Online,CUST-0015,2,1062.08,2124.16
11230,2026-03-18,4K Monitor,Electronics,Europe,Retail,CUST-0299,2,1117.53,2235.06
11231,2026-05-07,Tablet,Electronics,LATAM,Online,CUST-0166,4,306.22,1224.89
11232,2026-05-08,Noise-Cancel Headphones,Audio,,Partner,CUST-0306,2,1379.51,2759.02
11233,2026-03-13,Wireless Mouse,Accessories,North America,Retail,CUST-0121,1,66.05,66.05
11234,2026-04-10,Webcam HD,Accessories,North America,Online,CUST-0130,5,,5558.4
11235,2026-04-14,Smartphone,Electronics,LATAM,Partner,CUST-0190,4,68.31,273.25
11236,2026-02-25,Ergonomic Chair,Furniture,APAC,Online,CUST-0258,1,647.06,647.06
11237,2026-04-13,Webcam HD,Accessories,APAC,Partner,CUST-0272,4,904.83,3619.33
11238,2026-04-05,USB-C Hub,Accessories,North America,Online,CUST-0256,3,381.83,1145.5
11239,2026-05-31,4K Monitor,Electronics,,Retail,CUST-0314,3,1203.35,3610.06
11240,2026-05-26,4K Monitor,Electronics,Europe,Retail,CUST-0378,5,1032.78,5163.92
11241,2026-04-12,USB-C Hub,Accessories,LATAM,Online,CUST-0097,5,461.76,2308.81
11242,2026-02-28,Laptop Pro,Electronics,LATAM,Retail,CUST-0084,2,868.88,1737.75
11243,2026-05-10,Standing Desk,Furniture,LATAM,Online,CUST-0227,4,138.71,554.83
11244,2026-03-26,Smartwatch,Wearables,LATAM,Online,CUST-0369,5,750.69,3753.44
11245,2026-05-30,USB-C Hub,Accessories,Europe,Retail,CUST-0093,1,407.1,407.1
11246,2026-05-26,USB-C Hub,Accessories,Europe,Partner,CUST-0003,5,458.46,2292.28
11247,2026-04-17,Smartphone,Electronics,North America,Online,CUST-0394,2,70.41,140.83
11248,2026-04-13,Tablet,Electronics,North America,Retail,CUST-0349,1,376.65,376.65
11249,2026-05-07,Wireless Mouse,Accessories,North America,Retail,CUST-0079,4,,251.96
11250,2026-02-12,Wireless Mouse,Accessories,LATAM,Retail,CUST-0322,4,70.62,282.48
11251,2026-03-15,Smartphone,Electronics,North America,Partner,CUST-0319,1,68.81,68.81
11252,2026-04-07,Webcam HD,Accessories,North America,Partner,CUST-0145,5,904.17,4520.84
11253,2026-03-22,Laptop Pro,Electronics,LATAM,Online,CUST-0205,1,957.15,957.15
11254,2026-03-13,USB-C Hub,Accessories,LATAM,Online,CUST-0011,2,473.92,947.85
11255,2026-05-29,Mechanical Keyboard,Accessories,LATAM,Retail,CUST-0332,2,339.18,678.37
11256,2026-05-16,Tablet,Electronics,LATAM,Retail,CUST-0377,2,309.28,618.57
11257,2026-05-23,4K Monitor,Electronics,North America,Retail,CUST-0263,5,982.24,4911.18
11258,2026-03-06,Standing Desk,Furniture,,Retail,CUST-0289,4,169.06,676.24
11259,2026-04-26,Noise-Cancel Headphones,Audio,APAC,Partner,CUST-0096,1,1393.98,1393.98
11260,2026-04-05,Tablet,Electronics,APAC,Retail,CUST-0347,4,306.86,1227.42
11261,2026-03-09,Tablet,Electronics,North America,Retail,CUST-0240,2,380.45,760.9
11262,2026-04-05,Wireless Mouse,Accessories,Europe,Partner,CUST-0154,4,61.77,247.08
11263,2026-05-27,Mechanical Keyboard,Accessories,North America,Partner,CUST-0040,5,342.7,1713.48
11264,2026-06-06,Laptop Pro,Electronics,LATAM,Retail,CUST-0049,5,850.57,4252.83
11265,2026-04-09,Tablet,Electronics,APAC,Retail,CUST-0300,5,370.1,1850.48
11266,2026-02-19,Ergonomic Chair,Furniture,LATAM,Online,CUST-0094,1,571.22,571.22
11267,2026-05-27,Noise-Cancel Headphones,Audio,APAC,Retail,CUST-0301,1,1168.21,1168.21
11268,2026-05-12,Standing Desk,Furniture,APAC,Retail,CUST-0096,4,,634.96
11269,2026-03-08,USB-C Hub,Accessories,APAC,Partner,CUST-0055,1,450.25,450.25
11270,2026-04-05,Ergonomic Chair,Furniture,North America,Online,CUST-0088,1,553.65,553.65
11271,2026-05-03,Standing Desk,Furniture,LATAM,Retail,CUST-0317,4,161.42,645.69
11272,2026-05-24,Smartphone,Electronics,LATAM,Retail,CUST-0045,3,,226.42
11273,2026-02-25,USB-C Hub,Accessories,North America,Partner,CUST-0097,1,389.86,389.86
11274,2026-05-29,Laptop Pro,Electronics,Europe,Partner,CUST-0124,2,941.13,1882.26
11275,2026-04-05,Tablet,Electronics,APAC,Retail,CUST-0076,5,315.46,1577.31
11276,2026-04-10,Noise-Cancel Headphones,Audio,Europe,Partner,CUST-0360,1,1179.33,1179.33
11277,2026-04-06,Standing Desk,Furniture,LATAM,Partner,CUST-0125,4,134.9,539.62
11278,2026-03-06,4K Monitor,Electronics,LATAM,Online,CUST-0171,5,1176.43,5882.16
11279,2026-02-10,Wireless Mouse,Accessories,LATAM,Partner,CUST-0297,4,73.1,292.42
11280,2026-04-26,Smartwatch,Wearables,North America,Retail,CUST-0205,5,849.97,4249.84
11281,2026-04-12,Ergonomic Chair,Furniture,LATAM,Online,CUST-0366,5,,3352.43
11282,2026-02-16,Ergonomic Chair,Furniture,APAC,Partner,CUST-0033,1,621.3,621.3
11283,2026-03-15,Tablet,Electronics,North America,Retail,CUST-0319,4,376.8,1507.2
11284,2026-05-02,Webcam HD,Accessories,North America,Online,CUST-0148,4,,4198.93
11285,2026-05-12,Mechanical Keyboard,Accessories,Europe,Partner,CUST-0113,4,335.19,1340.75
11286,2026-04-25,Tablet,Electronics,LATAM,Online,CUST-0151,3,379.66,1138.99
11287,2026-05-12,Smartwatch,Wearables,APAC,Retail,CUST-0083,4,842.39,3369.56
11288,2026-04-29,Mechanical Keyboard,Accessories,North America,Partner,CUST-0248,3,366.24,1098.72
11289,2026-02-25,USB-C Hub,Accessories,LATAM,Online,CUST-0213,2,386.12,772.24
11290,2026-04-13,4K Monitor,Electronics,North America,Online,CUST-0184,2,1003.97,2007.95
11291,2026-06-01,4K Monitor,Electronics,Europe,Partner,CUST-0017,3,1134.01,3402.02
11292,2026-05-23,Wireless Mouse,Accessories,Europe,Online,CUST-0288,3,63.94,191.83
11293,2026-03-09,Standing Desk,Furniture,APAC,Online,CUST-0395,3,173.33,519.99
11294,2026-06-01,Ergonomic Chair,Furniture,North America,Partner,CUST-0026,3,698.4,2095.2
11295,2026-06-07,Standing Desk,Furniture,North America,Online,CUST-0313,4,172.11,688.43
11296,2026-04-28,Wireless Mouse,Accessories,North America,Online,CUST-0323,5,57.46,287.28
11297,2026-02-24,Mechanical Keyboard,Accessories,APAC,Partner,CUST-0227,3,318.46,955.38
11298,2026-05-17,Ergonomic Chair,Furniture,North America,Online,CUST-0332,4,671.78,2687.11
11299,2026-03-27,Webcam HD,Accessories,Europe,Retail,CUST-0213,2,902.54,1805.09
11300,2026-05-18,Laptop Pro,Electronics,LATAM,Retail,CUST-0147,2,1026.9,2053.8
11301,2026-04-14,USB-C Hub,Accessories,LATAM,Retail,CUST-0323,1,398.03,398.03
11302,2026-05-05,Mechanical Keyboard,Accessories,LATAM,Online,CUST-0071,2,371.84,743.67
11303,2026-05-22,Noise-Cancel Headphones,Audio,LATAM,Partner,CUST-0350,4,1448.16,5792.62
11304,2026-03-27,Laptop Pro,Electronics,North America,Partner,CUST-0265,4,859.77,3439.07
11305,2026-02-17,Wireless Mouse,Accessories,Europe,Retail,CUST-0032,3,62.01,186.03
11306,2026-03-31,Laptop Pro,Electronics,,Partner,CUST-0366,2,1043.32,2086.63
11307,2026-05-22,Tablet,Electronics,LATAM,Retail,CUST-0349,5,384.14,1920.69
11308,2026-05-09,Ergonomic Chair,Furniture,APAC,Retail,CUST-0005,3,669.99,2009.97
11309,2026-05-25,4K Monitor,Electronics,Europe,Partner,CUST-0207,5,1115.5,5577.52
11310,2026-04-07,Tablet,Electronics,LATAM,Partner,CUST-0177,2,376.66,753.33
11311,2026-06-02,Tablet,Electronics,,Online,CUST-0019,4,366.81,1467.24
11312,2026-04-18,Webcam HD,Accessories,Europe,Partner,CUST-0277,4,1056.8,4227.19
11313,2026-03-17,Mechanical Keyboard,Accessories,APAC,Partner,CUST-0175,1,350.21,350.21
11314,2026-05-16,Tablet,Electronics,APAC,Online,CUST-0397,2,300.75,601.5
11315,2026-03-19,Smartwatch,Wearables,North America,Partner,CUST-0031,4,847.64,3390.55
11316,2026-05-27,Webcam HD,Accessories,APAC,Online,CUST-0025,3,1031.66,3094.99
11317,2026-05-16,Tablet,Electronics,North America,Retail,CUST-0174,1,338.11,338.11
11318,2026-03-11,Smartwatch,Wearables,Europe,Retail,CUST-0154,5,766.22,3831.11
11319,2026-03-17,Tablet,Electronics,LATAM,Partner,CUST-0378,5,357.76,1788.82
11320,2026-03-12,Wireless Mouse,Accessories,Europe,Retail,CUST-0233,3,65.38,196.13
11321,2026-02-21,USB-C Hub,Accessories,North America,Online,CUST-0032,4,459.09,1836.37
11322,2026-04-04,USB-C Hub,Accessories,North America,Retail,CUST-0347,4,392.47,1569.86
11323,2026-04-17,Noise-Cancel Headphones,Audio,LATAM,Retail,CUST-0300,5,1327.74,6638.7
11324,2026-04-13,Tablet,Electronics,LATAM,Partner,CUST-0214,4,386.23,1544.93
11325,2026-05-25,USB-C Hub,Accessories,LATAM,Partner,CUST-0235,2,424.06,848.12
11326,2026-02-25,Smartwatch,Wearables,North America,Partner,CUST-0109,5,823.74,4118.69
11327,2026-04-08,Standing Desk,Furniture,APAC,Online,CUST-0309,1,163.58,163.58
11328,2026-05-29,Noise-Cancel Headphones,Audio,APAC,Online,CUST-0268,1,1180.81,1180.81
11329,2026-02-28,Wireless Mouse,Accessories,APAC,Retail,CUST-0151,3,61.84,185.53
11330,2026-04-12,Laptop Pro,Electronics,LATAM,Online,CUST-0157,2,858.93,1717.87
11331,2026-06-02,4K Monitor,Electronics,LATAM,Online,CUST-0063,2,996.64,1993.28
11332,2026-04-20,Webcam HD,Accessories,LATAM,Retail,CUST-0294,1,1094.03,1094.03
11333,2026-03-20,Smartphone,Electronics,LATAM,Retail,CUST-0369,4,79.34,317.36
11334,2026-05-26,Smartphone,Electronics,LATAM,Retail,CUST-0342,2,76.79,153.58
11335,2026-04-07,USB-C Hub,Accessories,LATAM,Retail,CUST-0120,3,378.84,1136.53
11336,2026-06-04,Noise-Cancel Headphones,Audio,LATAM,Partner,CUST-0143,3,,3965.13
11337,2026-05-02,Wireless Mouse,Accessories,APAC,Partner,CUST-0331,2,68.56,137.12
11338,2026-02-24,Tablet,Electronics,North America,Partner,CUST-0268,5,306.17,1530.85
11339,2026-03-05,Standing Desk,Furniture,North America,Partner,CUST-0273,5,169.51,847.56
11340,2026-03-04,Laptop Pro,Electronics,Europe,Partner,CUST-0297,3,1015.25,3045.74
11341,2026-04-06,Wireless Mouse,Accessories,LATAM,Partner,CUST-0024,5,66.88,334.42
11342,2026-04-12,Laptop Pro,Electronics,LATAM,Online,CUST-0271,3,930.44,2791.32
11343,2026-03-21,Noise-Cancel Headphones,Audio,North America,Partner,CUST-0087,3,1170.8,3512.41
11344,2026-03-17,USB-C Hub,Accessories,North America,Online,CUST-0158,2,396.89,793.79
11345,2026-04-02,Tablet,Electronics,APAC,Online,CUST-0014,2,303.87,607.73
11346,2026-05-11,Laptop Pro,Electronics,APAC,Online,CUST-0212,3,919.02,2757.07
11347,2026-06-03,Webcam HD,Accessories,North America,Online,CUST-0104,3,967.24,2901.72
11348,2026-03-11,Smartphone,Electronics,LATAM,Online,CUST-0138,5,67.09,335.47
11349,2026-02-16,Webcam HD,Accessories,North America,Retail,CUST-0015,4,1012.74,4050.96
11350,2026-04-02,Tablet,Electronics,North America,Retail,CUST-0284,2,378.96,757.92
11351,2026-04-25,Tablet,Electronics,Europe,Retail,CUST-0291,1,320.33,320.33
11352,2026-04-02,Standing Desk,Furniture,Europe,Online,CUST-0192,1,167.52,167.52
11353,2026-04-19,USB-C Hub,Accessories,LATAM,Partner,CUST-0232,2,427.51,855.02
11354,2026-02-14,Laptop Pro,Electronics,APAC,Partner,CUST-0086,4,1057.53,4230.11
11355,2026-02-09,Laptop Pro,Electronics,APAC,Partner,CUST-0195,4,890.74,3562.96
11356,2026-03-25,Tablet,Electronics,APAC,Online,CUST-0083,2,350.1,700.19
11357,2026-05-14,Ergonomic Chair,Furniture,North America,Retail,CUST-0358,5,564.06,2820.32
11358,2026-02-24,USB-C Hub,Accessories,LATAM,Online,CUST-0313,5,477.59,2387.96
11359,2026-04-14,Webcam HD,Accessories,LATAM,Retail,CUST-0126,3,1033.76,3101.28
11360,2026-05-04,Webcam HD,Accessories,APAC,Online,CUST-0355,3,925.0,2774.99
11361,2026-02-26,Tablet,Electronics,North America,Online,CUST-0345,1,352.17,352.17
11362,2026-03-03,Noise-Cancel Headphones,Audio,LATAM,Retail,CUST-0276,5,1440.53,7202.63
11363,2026-02-19,Tablet,Electronics,LATAM,Partner,CUST-0064,1,346.01,346.01
11364,2026-03-26,Noise-Cancel Headphones,Audio,Europe,Partner,CUST-0005,5,1260.33,6301.64
11365,2026-02-24,Standing Desk,Furniture,LATAM,Online,CUST-0114,3,171.06,513.19
11366,2026-05-15,Laptop Pro,Electronics,APAC,Online,CUST-0047,3,989.49,2968.48
11367,2026-05-24,Smartphone,Electronics,Europe,Online,CUST-0253,3,77.65,232.94
11368,2026-03-27,Laptop Pro,Electronics,Europe,Online,CUST-0101,3,,2831.92
11369,2026-05-25,Tablet,Electronics,APAC,Partner,CUST-0257,4,308.44,1233.75
11370,2026-04-13,USB-C Hub,Accessories,Europe,Online,CUST-0302,5,390.18,1950.92
11371,2026-02-25,Smartwatch,Wearables,Europe,Partner,CUST-0374,1,681.56,681.56
11372,2026-05-20,4K Monitor,Electronics,North America,Partner,CUST-0348,2,1181.5,2363.0
11373,2026-04-18,Smartphone,Electronics,LATAM,Online,CUST-0219,3,75.29,225.87
11374,2026-05-02,Tablet,Electronics,,Retail,CUST-0209,1,373.7,373.7
11375,2026-03-16,Wireless Mouse,Accessories,APAC,Partner,CUST-0389,5,64.54,322.71
11376,2026-02-14,Smartwatch,Wearables,LATAM,Partner,CUST-0230,2,666.01,1332.03
11377,2026-03-21,Laptop Pro,Electronics,North America,Partner,CUST-0013,4,871.66,3486.63
11378,2026-05-14,Mechanical Keyboard,Accessories,Europe,Online,CUST-0085,4,390.15,1560.61
11379,2026-03-23,4K Monitor,Electronics,North America,Online,CUST-0246,1,1119.84,1119.84
11380,2026-04-05,Laptop Pro,Electronics,APAC,Retail,CUST-0127,5,1017.78,5088.92
11381,2026-02-22,Standing Desk,Furniture,North America,Retail,CUST-0267,2,171.95,343.91
11382,2026-05-21,Mechanical Keyboard,Accessories,LATAM,Online,CUST-0321,1,,373.85
11383,2026-04-07,Smartphone,Electronics,North America,Online,CUST-0194,1,64.31,64.31
11384,2026-03-21,Smartwatch,Wearables,North America,Retail,CUST-0029,1,808.16,808.16
11385,2026-03-19,Smartphone,Electronics,,Partner,CUST-0027,4,63.94,255.78
11386,2026-03-18,Noise-Cancel Headphones,Audio,LATAM,Online,CUST-0307,4,1172.41,4689.66
11387,2026-05-20,Tablet,Electronics,LATAM,Retail,CUST-0220,5,299.62,1498.11
11388,2026-06-01,Smartphone,Electronics,North America,Retail,CUST-0265,5,64.6,322.99
11389,2026-03-23,Smartphone,Electronics,North America,Partner,CUST-0366,2,64.72,129.45
11390,2026-02-17,Smartphone,Electronics,Europe,Partner,CUST-0261,2,79.42,158.83
11391,2026-03-13,Webcam HD,Accessories,LATAM,Online,CUST-0125,4,,3977.46
11392,2026-02-26,Laptop Pro,Electronics,LATAM,Partner,CUST-0334,1,855.43,855.43
11393,2026-05-16,Webcam HD,Accessories,Europe,Online,CUST-0241,3,1020.57,3061.7
11394,2026-03-20,Smartphone,Electronics,North America,Partner,CUST-0301,3,68.1,204.3
11395,2026-05-04,Tablet,Electronics,North America,Retail,CUST-0177,2,303.73,607.45
11396,2026-03-06,Mechanical Keyboard,Accessories,APAC,Online,CUST-0342,2,374.71,749.41
11397,2026-04-10,Smartwatch,Wearables,APAC,Partner,CUST-0290,4,772.82,3091.3
11398,2026-03-23,Smartphone,Electronics,Europe,Online,CUST-0233,3,70.45,211.36
11399,2026-06-01,Laptop Pro,Electronics,North America,Partner,CUST-0115,4,877.67,3510.68
11400,2026-05-08,Mechanical Keyboard,Accessories,Europe,Retail,CUST-0377,4,360.26,1441.05
11401,2026-05-18,Webcam HD,Accessories,Europe,Online,CUST-0186,4,923.64,3694.55
11402,2026-02-10,Wireless Mouse,Accessories,North America,Online,CUST-0149,3,57.26,171.77
11403,2026-04-06,Mechanical Keyboard,Accessories,APAC,Online,CUST-0016,5,386.12,1930.58
11404,2026-03-06,Mechanical Keyboard,Accessories,APAC,Partner,CUST-0090,3,319.99,959.98
11405,2026-03-24,Ergonomic Chair,Furniture,North America,Online,CUST-0135,2,581.72,1163.44
11406,2026-06-05,Wireless Mouse,Accessories,Europe,Retail,CUST-0336,1,70.63,70.63
11407,2026-05-20,Wireless Mouse,Accessories,APAC,Retail,CUST-0123,3,72.38,217.14
11408,2026-03-28,Webcam HD,Accessories,LATAM,Partner,CUST-0034,2,1112.15,2224.3
11409,2026-02-24,USB-C Hub,Accessories,Europe,Partner,CUST-0194,2,455.45,910.9
11410,2026-05-08,Webcam HD,Accessories,Europe,Online,CUST-0391,3,1024.63,3073.9
11411,2026-04-28,Smartphone,Electronics,APAC,Online,CUST-0168,2,78.49,156.99
11412,2026-03-12,Laptop Pro,Electronics,LATAM,Online,CUST-0373,3,1036.12,3108.37
11413,2026-02-19,Standing Desk,Furniture,LATAM,Partner,CUST-0385,5,136.69,683.45
11414,2026-04-15,Webcam HD,Accessories,Europe,Retail,CUST-0365,4,1003.97,4015.88
11415,2026-03-28,Ergonomic Chair,Furniture,LATAM,Retail,CUST-0138,4,669.03,2676.12
11416,2026-04-24,Noise-Cancel Headphones,Audio,Europe,Online,CUST-0104,5,1358.18,6790.9
11417,2026-04-07,Mechanical Keyboard,Accessories,LATAM,Retail,CUST-0293,4,323.97,1295.89
11418,2026-03-01,Webcam HD,Accessories,Europe,Online,CUST-0152,3,1012.08,3036.25
11419,2026-04-06,Ergonomic Chair,Furniture,North America,Retail,CUST-0263,3,,1770.34
11420,2026-04-29,Webcam HD,Accessories,LATAM,Retail,CUST-0189,4,986.62,3946.47
11421,2026-05-22,Standing Desk,Furniture,North America,Online,CUST-0227,3,144.9,434.7
11422,2026-03-10,4K Monitor,Electronics,North America,Retail,CUST-0257,1,1045.6,1045.6
11423,2026-04-15,Ergonomic Chair,Furniture,Europe,Online,CUST-0061,1,680.45,680.45
11424,2026-02-18,Webcam HD,Accessories,APAC,Online,CUST-0346,1,1010.92,1010.92
11425,2026-03-23,4K Monitor,Electronics,APAC,Online,CUST-0362,3,1153.0,3459.0
11426,2026-04-27,USB-C Hub,Accessories,North America,Retail,CUST-0145,5,468.21,2341.03
11427,2026-05-25,Webcam HD,Accessories,North America,Retail,CUST-0335,4,1113.34,4453.37
11428,2026-04-15,USB-C Hub,Accessories,Europe,Retail,CUST-0120,4,393.86,1575.42
11429,2026-04-16,Smartphone,Electronics,LATAM,Retail,CUST-0044,5,76.71,383.54
11430,2026-03-21,Mechanical Keyboard,Accessories,LATAM,Online,CUST-0225,4,373.35,1493.41
11431,2026-04-07,Ergonomic Chair,Furniture,Europe,Retail,CUST-0378,1,613.61,613.61
11432,2026-02-10,Standing Desk,Furniture,LATAM,Retail,CUST-0352,3,,442.61
11433,2026-05-16,Noise-Cancel Headphones,Audio,North America,Partner,CUST-0017,5,1240.77,6203.83
11434,2026-06-07,USB-C Hub,Accessories,APAC,Partner,CUST-0323,2,475.25,950.5
11435,2026-05-22,Smartphone,Electronics,LATAM,Retail,CUST-0105,5,73.32,366.59
11436,2026-03-31,Wireless Mouse,Accessories,,Online,CUST-0169,5,63.21,316.03
11437,2026-04-22,Standing Desk,Furniture,North America,Partner,CUST-0284,3,137.81,413.43
11438,2026-03-03,Laptop Pro,Electronics,Europe,Online,CUST-0036,5,942.95,4714.75
11439,2026-06-05,Noise-Cancel Headphones,Audio,APAC,Partner,CUST-0269,3,1209.33,3627.98
11440,2026-02-17,Standing Desk,Furniture,North America,Online,CUST-0168,1,148.67,148.67
11441,2026-05-30,Noise-Cancel Headphones,Audio,North America,Online,CUST-0275,4,1192.94,4771.76
11442,2026-04-03,Standing Desk,Furniture,Europe,Online,CUST-0106,1,149.48,149.48
11443,2026-03-20,Noise-Cancel Headphones,Audio,APAC,Partner,CUST-0104,4,1193.53,4774.11
11444,2026-04-14,Smartwatch,Wearables,North America,Online,CUST-0229,4,710.16,2840.64
11445,2026-02-17,Noise-Cancel Headphones,Audio,APAC,Partner,CUST-0252,5,1411.11,7055.56
11446,2026-04-08,Standing Desk,Furniture,North America,Retail,CUST-0331,5,135.67,678.36
11447,2026-06-01,Standing Desk,Furniture,APAC,Retail,CUST-0314,3,161.76,485.27
11448,2026-05-25,USB-C Hub,Accessories,LATAM,Retail,CUST-0197,4,396.2,1584.78
11449,2026-06-05,Tablet,Electronics,North America,Retail,CUST-0358,2,360.06,720.11
11450,2026-02-14,Mechanical Keyboard,Accessories,APAC,Partner,CUST-0035,2,328.91,657.83
11451,2026-05-09,Smartwatch,Wearables,LATAM,Partner,CUST-0063,2,832.52,1665.05
11452,2026-03-28,Wireless Mouse,Accessories,APAC,Retail,CUST-0231,1,,65.17
11453,2026-03-02,4K Monitor,Electronics,LATAM,Online,CUST-0038,2,1086.48,2172.96
11454,2026-05-01,Smartwatch,Wearables,LATAM,Online,CUST-0204,4,730.59,2922.34
11455,2026-02-13,Laptop Pro,Electronics,Europe,Retail,CUST-0344,3,852.28,2556.83
11456,2026-05-15,Standing Desk,Furniture,North America,Partner,CUST-0337,4,152.33,609.32
11457,2026-03-12,Smartwatch,Wearables,APAC,Online,CUST-0088,4,684.04,2736.16
11458,2026-05-27,Laptop Pro,Electronics,APAC,Online,CUST-0274,5,848.84,4244.2
11459,2026-05-14,Noise-Cancel Headphones,Audio,North America,Partner,CUST-0140,2,1166.3,2332.59
11460,2026-02-28,Standing Desk,Furniture,North America,Partner,CUST-0273,3,141.15,423.45
11461,2026-03-08,Standing Desk,Furniture,North America,Retail,CUST-0354,1,167.13,167.13
11462,2026-03-20,Standing Desk,Furniture,North America,Retail,CUST-0393,1,157.73,157.73
11463,2026-03-06,Mechanical Keyboard,Accessories,Europe,Online,CUST-0009,3,385.76,1157.29
11464,2026-04-03,Laptop Pro,Electronics,Europe,Partner,CUST-0343,1,906.21,906.21
11465,2026-02-17,Mechanical Keyboard,Accessories,Europe,Partner,CUST-0086,1,375.75,375.75
11466,2026-02-14,Noise-Cancel Headphones,Audio,APAC,Retail,CUST-0288,5,1176.39,5881.95
11467,2026-04-30,Mechanical Keyboard,Accessories,LATAM,Retail,CUST-0062,5,322.95,1614.73
11468,2026-03-10,Mechanical Keyboard,Accessories,Europe,Online,CUST-0206,1,336.33,336.33
11469,2026-05-03,Webcam HD,Accessories,LATAM,Online,CUST-0034,1,970.74,970.74
11470,2026-05-04,4K Monitor,Electronics,North America,Online,CUST-0211,5,,5241.76
11471,2026-03-19,Smartphone,Electronics,,Partner,CUST-0275,4,80.87,323.47
11472,2026-05-21,Smartphone,Electronics,North America,Partner,CUST-0167,2,67.38,134.76
11473,2026-04-30,Smartwatch,Wearables,Europe,Retail,CUST-0090,4,787.92,3151.69
11474,2026-05-01,Smartwatch,Wearables,LATAM,Online,CUST-0172,3,845.91,2537.73
11475,2026-02-11,Smartphone,Electronics,Europe,Partner,CUST-0301,5,71.01,355.06
11476,2026-05-10,Laptop Pro,Electronics,North America,Retail,CUST-0122,2,829.61,1659.22
11477,2026-05-14,Noise-Cancel Headphones,Audio,,Online,CUST-0192,2,1348.13,2696.26
11478,2026-04-13,4K Monitor,Electronics,Europe,Partner,CUST-0020,2,987.91,1975.81
11479,2026-03-11,Smartwatch,Wearables,LATAM,Partner,CUST-0169,5,847.94,4239.72
11480,2026-02-26,4K Monitor,Electronics,North America,Partner,CUST-0213,3,1124.74,3374.21
11481,2026-05-02,4K Monitor,Electronics,APAC,Retail,CUST-0125,1,1009.42,1009.42
11482,2026-03-07,Ergonomic Chair,Furniture,Europe,Partner,CUST-0357,1,700.08,700.08
11483,2026-05-12,Mechanical Keyboard,Accessories,APAC,Online,CUST-0227,5,382.54,1912.68
11484,2026-04-30,Laptop Pro,Electronics,North America,Online,CUST-0027,1,1035.4,1035.4
11485,2026-05-01,USB-C Hub,Accessories,Europe,Partner,CUST-0282,2,382.78,765.56
11486,2026-05-26,Mechanical Keyboard,Accessories,LATAM,Partner,CUST-0240,2,349.83,699.66
11487,2026-03-20,USB-C Hub,Accessories,Europe,Partner,CUST-0128,2,395.74,791.48
11488,2026-03-19,4K Monitor,Electronics,Europe,Retail,CUST-0247,5,1070.41,5352.03
11489,2026-02-19,Webcam HD,Accessories,LATAM,Retail,CUST-0217,4,967.8,3871.22
11490,2026-04-14,Smartphone,Electronics,LATAM,Online,CUST-0391,4,76.76,307.03
11491,2026-03-29,Noise-Cancel Headphones,Audio,APAC,Partner,CUST-0276,1,,1394.78
11492,2026-02-28,Ergonomic Chair,Furniture,LATAM,Retail,CUST-0233,2,594.52,1189.04
11493,2026-03-17,Noise-Cancel Headphones,Audio,North America,Retail,CUST-0070,5,1343.52,6717.6
11494,2026-05-11,Standing Desk,Furniture,Europe,Online,CUST-0007,2,140.23,280.47
11495,2026-05-30,Ergonomic Chair,Furniture,LATAM,Retail,CUST-0381,3,632.58,1897.75
11496,2026-03-28,Noise-Cancel Headphones,Audio,North America,Retail,CUST-0020,4,1243.51,4974.03
11497,2026-06-06,Wireless Mouse,Accessories,Europe,Online,CUST-0391,4,72.31,289.26
11498,2026-04-05,4K Monitor,Electronics,LATAM,Partner,CUST-0353,3,1087.47,3262.4
11499,2026-03-28,Smartwatch,Wearables,LATAM,Partner,CUST-0127,1,782.71,782.71
11068,2026-04-25,Smartphone,Electronics,APAC,Online,CUST-0399,3,70.46,211.39
10059,2026-03-03,Smartwatch,Wearables,LATAM,Partner,CUST-0377,3,808.11,2424.33
11095,2026-05-22,Tablet,Electronics,LATAM,Online,CUST-0042,1,315.24,315.24
11248,2026-04-13,Tablet,Electronics,North America,Retail,CUST-0349,1,376.65,376.65
11493,2026-03-17,Noise-Cancel Headphones,Audio,North America,Retail,CUST-0070,5,1343.52,6717.6
10041,2026-02-19,USB-C Hub,Accessories,Europe,Retail,CUST-0062,1,433.75,433.75
10502,2026-05-10,USB-C Hub,Accessories,APAC,Partner,CUST-0265,1,386.93,386.93
11342,2026-04-12,Laptop Pro,Electronics,LATAM,Online,CUST-0271,3,930.44,2791.32
11434,2026-06-07,USB-C Hub,Accessories,APAC,Partner,CUST-0323,2,475.25,950.5
10842,2026-04-13,Wireless Mouse,Accessories,North America,Online,CUST-0183,5,62.4,312.02
10753,2026-05-16,Wireless Mouse,Accessories,Europe,Partner,CUST-0277,1,64.8,64.8
10537,2026-04-29,Smartphone,Electronics,LATAM,Retail,CUST-0282,2,74.67,149.34
10250,2026-06-01,Smartphone,Electronics,Europe,Online,CUST-0093,2,73.75,147.5
10894,2026-03-06,Smartwatch,Wearables,LATAM,Partner,CUST-0005,5,709.36,3546.78
10843,2026-05-02,USB-C Hub,Accessories,Europe,Retail,CUST-0120,5,455.08,2275.39
